user_id,state_id,country_id,user_status_id,full_name,first_name,middle_name,last_name,primary_email_address,primary_phone_number,addr_ln1,addr_ln2,addr_ln3,city_name,zip_code,last_location,last_updated_at,time_zone,profile_picture_path,gender,language_1,language_2,language_3,promotion_wizard_stage,promotion_wizard_last_updated_at,external_auth_provider,dob,is_eu
SID-00-000-000-000-000-001,NJ,1,1,Sunita Martin,Sunita,,Martin,sunita.martin1@example.com,+17230846290,1296 Main St,,,Newark,65534,,2026-07-28 00:25:16,America/Denver,,Male,,,,,,,1994-01-03,False
SID-00-000-000-000-000-002,NOR,10,1,Christopher Clark,Christopher,,Clark,christopher.clark2@example.com,+13805440796,6366 Park St,,,Rouen,59479,,2025-10-17 04:49:41,America/Los_Angeles,,Male,,,,,,,2003-11-28,False
SID-00-000-000-000-000-003,OND,11,1,Priya Thompson,Priya,,Thompson,priya.thompson3@example.com,+16203589186,156 Main St,,,Akure,49107,,2025-09-02 05:34:25,America/Los_Angeles,,Prefer not to say,,,,,,,1994-07-27,False
SID-00-000-000-000-000-004,HE,6,1,Ashley Thompson,Ashley,,Thompson,ashley.thompson4@example.com,+12484664056,6968 Cedar St,,,Frankfurt,12050,,2025-10-14 08:12:59,America/Chicago,,Female,,,,,,,1964-02-20,False
SID-00-000-000-000-000-005,LA-US,1,1,Kenneth Liu,Kenneth,,Liu,kenneth.liu5@example.com,+17301446822,3659 Main St,,,New Orleans,28367,,2026-05-29 01:15:47,Asia/Kolkata,,Non-binary,,,,,,,1974-12-19,False
SID-00-000-000-000-000-006,JP10,8,1,Jessica Martin,Jessica,,Martin,jessica.martin6@example.com,+13181777110,9221 Cedar St,,,Maebashi,32955,,2026-09-06 04:42:33,Europe/London,,Prefer not to say,,,,,,,1995-08-02,False
SID-00-000-000-000-000-007,JP23,8,1,Jun Kumar,Jun,,Kumar,jun.kumar7@example.com,+17084721488,8913 Park St,,,Nagoya,41584,,2025-11-20 22:26:26,America/Chicago,,Non-binary,,,,,,,2005-03-26,False
SID-00-000-000-000-000-008,HDF,10,1,Michelle Clark,Michelle,,Clark,michelle.clark8@example.com,+12873324617,1395 Park St,,,Lille,58637,,2026-01-24 17:33:08,America/New_York,,Female,,,,,,,1963-05-13,False
SID-00-000-000-000-000-009,FS,15,1,Sofia Jones,Sofia,,Jones,sofia.jones9@example.com,+17192139075,5555 Elm St,,,Bloemfontein,12009,,2025-10-10 18:46:42,America/Chicago,,Female,,,,,,,1967-12-25,False
SID-00-000-000-000-000-010,COR,10,1,Vikram Nair,Vikram,,Nair,vikram.nair10@example.com,+15330806782,6336 Park St,,,Ajaccio,79946,,2026-06-11 06:25:58,Europe/London,,Non-binary,,,,,,,1979-05-12,False
SID-00-000-000-000-000-011,KWA,11,1,Ashley Miller,Ashley,,Miller,ashley.miller11@example.com,+12872425923,5226 Park St,,,Ilorin,15992,,2026-09-08 23:30:48,Asia/Kolkata,,Female,,,,,,,1969-01-09,False
SID-00-000-000-000-000-012,SEO,12,2,Christopher Martinez,Christopher,,Martinez,christopher.martinez12@example.com,+18439450819,5630 Elm St,,,Seoul,74044,,2025-10-15 10:14:24,Europe/London,,Prefer not to say,,,,,,,1989-03-24,False
SID-00-000-000-000-000-013,JP27,8,1,David Nguyen,David,,Nguyen,david.nguyen13@example.com,+19051517932,1062 Cedar St,,,Osaka,14433,,2026-05-02 15:11:58,America/New_York,,Male,,,,,,,1960-07-05,False
SID-00-000-000-000-000-014,AND-ES,14,1,John Kim,John,,Kim,john.kim14@example.com,+18948549412,8016 Park St,,,Seville,12061,,2025-09-15 00:13:32,America/New_York,,Prefer not to say,,,,,,,1960-01-17,False
SID-00-000-000-000-000-015,KBI,17,1,Paul Jackson,Paul,,Jackson,paul.jackson15@example.com,+12769945233,1678 Cedar St,,,Krabi,29516,,2025-07-22 16:52:44,America/Chicago,,Female,,,,,,,1999-09-09,False
SID-00-000-000-000-000-016,JP28,8,1,Jun Sanchez,Jun,,Sanchez,jun.sanchez16@example.com,+14994607170,5014 Main St,,,Kobe,95686,,2025-08-16 11:25:29,Europe/London,,Male,,,,,,,1965-07-13,False
SID-00-000-000-000-000-017,JP40,8,2,Patricia Wang,Patricia,,Wang,patricia.wang17@example.com,+19064822808,5527 Cedar St,,,Fukuoka,22499,,2025-07-06 22:10:05,Asia/Kolkata,,Male,,,,,,,1974-04-28,False
SID-00-000-000-000-000-018,SSM,16,1,Sarah Williams,Sarah,,Williams,sarah.williams18@example.com,+14826557688,3038 Elm St,,,Palembang,12052,,2025-09-04 21:59:17,America/Chicago,,Female,,,,,,,2005-07-03,False
SID-00-000-000-000-000-019,RR,7,1,Joshua Thomas,Joshua,,Thomas,joshua.thomas19@example.com,+19540284364,2392 Main St,,,Boa Vista,75639,,2026-04-21 12:43:57,Europe/London,,Non-binary,,,,,,,1963-02-14,False
SID-00-000-000-000-000-020,MV,6,1,Lisa Nair,Lisa,,Nair,lisa.nair20@example.com,+14723537339,7481 Park St,,,Rostock,39902,,2026-08-17 19:38:25,America/Denver,,Prefer not to say,,,,,,,1987-03-22,False
SID-00-000-000-000-000-021,JJD,12,1,Jennifer Chen,Jennifer,,Chen,jennifer.chen21@example.com,+17927054827,2627 Park St,,,Jeju,51507,,2025-11-04 07:45:04,America/Denver,,Male,,,,,,,1965-01-10,False
SID-00-000-000-000-000-022,COL,9,1,Wei Moore,Wei,,Moore,wei.moore22@example.com,+18677557455,6785 Main St,,,Colima,13442,,2025-08-19 04:05:11,America/New_York,,Non-binary,,,,,,,1995-02-20,False
SID-00-000-000-000-000-023,PIE,13,1,Sofia Harris,Sofia,,Harris,sofia.harris23@example.com,+16201221330,9470 Cedar St,,,Turin,32227,,2025-07-26 09:26:24,Europe/London,,Prefer not to say,,,,,,,1970-03-09,False
SID-00-000-000-000-000-024,JP01,8,1,Emily Martinez,Emily,,Martinez,emily.martinez24@example.com,+15361527572,6016 Elm St,,,Sapporo,42321,,2025-07-29 05:27:17,Europe/London,,Prefer not to say,,,,,,,1998-10-07,False
SID-00-000-000-000-000-025,ARA,10,1,David Martin,David,,Martin,david.martin25@example.com,+15703113566,7312 Elm St,,,Lyon,66441,,2025-07-13 12:21:53,Europe/London,,Female,,,,,,,1979-06-20,False
SID-00-000-000-000-000-026,WSM,16,1,Steven Lee,Steven,,Lee,steven.lee26@example.com,+18403827626,9535 Oak St,,,Padang,52714,,2025-10-16 12:20:18,America/Los_Angeles,,Non-binary,,,,,,,1985-06-04,False
SID-00-000-000-000-000-027,GWJ,12,3,Carol Singh,Carol,,Singh,carol.singh27@example.com,+18277619644,3534 Park St,,,Gwangju,48185,,2025-09-02 21:49:35,Europe/London,,Male,,,,,,,1986-11-16,False
SID-00-000-000-000-000-028,TR,2,1,Jessica Taylor,Jessica,,Taylor,jessica.taylor28@example.com,+18223694168,9896 Park St,,,Agartala,86315,,2026-06-23 04:45:27,America/Los_Angeles,,Prefer not to say,,,,,,,1994-01-26,False
SID-00-000-000-000-000-029,JP31,8,1,Michael Thomas,Michael,,Thomas,michael.thomas29@example.com,+18713980005,6647 Elm St,,,Tottori,66420,,2026-06-13 21:22:10,America/New_York,,Male,,,,,,,1966-05-08,False
SID-00-000-000-000-000-030,PLT,11,1,Donald White,Donald,,White,donald.white30@example.com,+12647444557,502 Park St,,,Jos,23703,,2026-01-24 14:49:43,America/Denver,,Prefer not to say,,,,,,,1965-02-27,False
SID-00-000-000-000-000-031,KKN,17,1,Matthew Martin,Matthew,,Martin,matthew.martin31@example.com,+14045102506,7278 Park St,,,Khon Kaen,51800,,2025-12-26 14:50:13,America/New_York,,Non-binary,,,,,,,1962-12-04,False
SID-00-000-000-000-000-032,ID-US,1,1,Priya Miller,Priya,,Miller,priya.miller32@example.com,+14370436671,5522 Cedar St,,,Boise,65885,,2026-05-28 05:59:47,America/Los_Angeles,,Female,,,,,,,1985-11-06,False
SID-00-000-000-000-000-033,SK-CA,4,1,Betty Johnson,Betty,,Johnson,betty.johnson33@example.com,+13670036982,3619 Oak St,,,Regina,46483,,2026-07-11 19:56:12,Europe/London,,Male,,,,,,,1996-02-26,False
SID-00-000-000-000-000-034,EBN,11,2,Nancy Lee,Nancy,,Lee,nancy.lee34@example.com,+18561486017,5234 Cedar St,,,Abakaliki,60939,,2025-10-21 14:07:16,Asia/Kolkata,,Prefer not to say,,,,,,,1997-02-12,False
SID-00-000-000-000-000-035,JP27,8,3,Amanda Lopez,Amanda,,Lopez,amanda.lopez35@example.com,+14534753843,2294 Elm St,,,Osaka,25448,,2026-08-10 21:45:51,America/Chicago,,Non-binary,,,,,,,1967-03-12,False
SID-00-000-000-000-000-036,WSM,16,1,Andrew Harris,Andrew,,Harris,andrew.harris36@example.com,+18385199957,8904 Oak St,,,Padang,82733,,2026-01-25 19:08:36,America/Chicago,,Prefer not to say,,,,,,,1978-03-06,False
SID-00-000-000-000-000-037,JP08,8,1,Amanda Brown,Amanda,,Brown,amanda.brown37@example.com,+17943994960,9300 Cedar St,,,Mito,95599,,2026-08-26 11:00:31,America/Los_Angeles,,Prefer not to say,,,,,,,2003-08-14,False
SID-00-000-000-000-000-038,ACE-ID,16,1,Emily Hernandez,Emily,,Hernandez,emily.hernandez38@example.com,+12140424329,3783 Cedar St,,,Banda Aceh,47836,,2025-08-30 18:01:50,America/Chicago,,Prefer not to say,,,,,,,1996-12-25,False
SID-00-000-000-000-000-039,R08,18,1,Michelle Shah,Michelle,,Shah,michelle.shah39@example.com,+16255855681,8980 Main St,,,Tacloban,67850,,2025-09-15 18:07:17,Asia/Kolkata,,Female,,,,,,,1987-02-24,False
SID-00-000-000-000-000-040,NAV,14,1,Karen Williams,Karen,,Williams,karen.williams40@example.com,+16799136437,3982 Oak St,,,Pamplona,87060,,2026-03-10 08:22:55,Europe/London,,Non-binary,,,,,,,2005-10-21,False
SID-00-000-000-000-000-041,QRO,9,1,Amanda Rodriguez,Amanda,,Rodriguez,amanda.rodriguez41@example.com,+17801708301,4705 Cedar St,,,Queretaro,80617,,2026-08-27 06:52:13,America/Chicago,,Non-binary,,,,,,,2005-05-10,False
SID-00-000-000-000-000-042,CCB,12,1,Carlos Shah,Carlos,,Shah,carlos.shah42@example.com,+16549598229,4643 Oak St,,,Cheongju,27392,,2026-07-03 03:08:48,America/Chicago,,Female,,,,,,,2005-06-27,False
SID-00-000-000-000-000-043,TH,6,1,Emily Martinez,Emily,,Martinez,emily.martinez43@example.com,+16619307216,1625 Park St,,,Erfurt,77582,,2026-04-18 20:17:40,Europe/London,,Non-binary,,,,,,,2004-06-15,False
SID-00-000-000-000-000-044,OYO,11,1,Carol Smith,Carol,,Smith,carol.smith44@example.com,+14994833348,1137 Cedar St,,,Ibadan,62129,,2026-09-17 23:05:46,America/Chicago,,Prefer not to say,,,,,,,1973-08-09,False
SID-00-000-000-000-000-045,JP12,8,1,Lisa Sharma,Lisa,,Sharma,lisa.sharma45@example.com,+15273856102,852 Main St,,,Chiba,92074,,2026-04-23 04:36:54,America/Los_Angeles,,Male,,,,,,,1967-03-15,False
SID-00-000-000-000-000-046,IDF,10,1,Sandra Gonzalez,Sandra,,Gonzalez,sandra.gonzalez46@example.com,+13176904638,6005 Elm St,,,Paris,20803,,2026-06-07 04:56:41,America/Denver,,Female,,,,,,,1963-07-21,False
SID-00-000-000-000-000-047,JP03,8,1,Sandra Li,Sandra,,Li,sandra.li47@example.com,+16864908550,3805 Cedar St,,,Morioka,99126,,2025-07-30 22:06:00,America/Los_Angeles,,Male,,,,,,,1960-12-11,False
SID-00-000-000-000-000-048,MP,2,1,Vikram Rodriguez,Vikram,,Rodriguez,vikram.rodriguez48@example.com,+12439921366,5233 Elm St,,,Bhopal,49223,,2026-02-05 02:14:24,America/Chicago,,Prefer not to say,,,,,,,1968-11-22,False
SID-00-000-000-000-000-049,MN-IN,2,1,Donna Gupta,Donna,,Gupta,donna.gupta49@example.com,+17210033472,2580 Park St,,,Imphal,90750,,2025-07-03 19:41:10,Europe/London,,Prefer not to say,,,,,,,1973-02-04,False
SID-00-000-000-000-000-050,TR,2,1,Carol Nguyen,Carol,,Nguyen,carol.nguyen50@example.com,+17484534316,1480 Oak St,,,Agartala,82534,,2026-02-02 11:27:20,Asia/Kolkata,,Non-binary,,,,,,,2004-01-28,False
SID-00-000-000-000-000-051,GP,15,1,Susan Kumar,Susan,,Kumar,susan.kumar51@example.com,+16529339922,4021 Park St,,,Johannesburg,60578,,2026-05-02 16:12:47,America/New_York,,Female,,,,,,,1991-11-20,False
SID-00-000-000-000-000-052,OR-US,1,1,Nancy Lee,Nancy,,Lee,nancy.lee52@example.com,+18641549403,2930 Park St,,,Portland,19567,,2025-09-12 12:55:53,America/New_York,,Male,,,,,,,1960-05-07,False
SID-00-000-000-000-000-053,MA,1,1,Jun Sanchez,Jun,,Sanchez,jun.sanchez53@example.com,+18114209070,6690 Main St,,,Boston,93956,,2026-03-19 09:40:45,Asia/Kolkata,,Female,,,,,,,1977-02-10,False
SID-00-000-000-000-000-054,SD,1,1,Ling Martinez,Ling,,Martinez,ling.martinez54@example.com,+19086006827,1183 Elm St,,,Sioux Falls,67342,,2026-04-11 10:25:37,Europe/London,,Female,,,,,,,1963-04-03,False
SID-00-000-000-000-000-055,TAB,9,1,Ashley Chen,Ashley,,Chen,ashley.chen55@example.com,+12754393408,307 Oak St,,,Villahermosa,11487,,2026-05-25 01:19:42,America/Chicago,,Prefer not to say,,,,,,,1982-09-17,False
SID-00-000-000-000-000-056,KBI,17,1,William White,William,,White,william.white56@example.com,+16802017041,580 Elm St,,,Krabi,66272,,2025-08-21 23:49:55,America/Denver,,Male,,,,,,,1976-12-19,False
SID-00-000-000-000-000-057,CAT-ES,14,1,Emily Robinson,Emily,,Robinson,emily.robinson57@example.com,+13579206999,4279 Main St,,,Barcelona,85223,,2026-04-12 11:03:31,Europe/London,,Male,,,,,,,1974-12-17,False
SID-00-000-000-000-000-058,AK,1,3,Carlos Smith,Carlos,,Smith,carlos.smith58@example.com,+17063598638,679 Cedar St,,,Anchorage,95944,,2025-10-28 01:30:23,America/Los_Angeles,,Female,,,,,,,1980-04-14,False
SID-00-000-000-000-000-059,NMA,17,3,Sarah Jones,Sarah,,Jones,sarah.jones59@example.com,+12770278136,8550 Main St,,,Nakhon Ratchasima,62550,,2026-05-02 11:07:32,America/New_York,,Prefer not to say,,,,,,,1978-05-11,False
SID-00-000-000-000-000-060,VT,1,1,James White,James,,White,james.white60@example.com,+13041890333,6133 Cedar St,,,Burlington,74665,,2025-09-30 09:36:50,America/Chicago,,Female,,,,,,,1969-01-14,False
SID-00-000-000-000-000-061,IL,1,1,Paul Thompson,Paul,,Thompson,paul.thompson61@example.com,+19554543198,6264 Elm St,,,Chicago,23624,,2026-06-21 22:56:00,America/Chicago,,Female,,,,,,,1986-08-02,False
SID-00-000-000-000-000-062,ML,2,1,Jennifer Williams,Jennifer,,Williams,jennifer.williams62@example.com,+16659620414,1665 Cedar St,,,Shillong,27499,,2025-11-23 16:26:44,Europe/London,,Prefer not to say,,,,,,,1964-10-19,False
SID-00-000-000-000-000-063,NY,1,3,Amit Rodriguez,Amit,,Rodriguez,amit.rodriguez63@example.com,+17982686174,5445 Elm St,,,Buffalo,69343,,2025-10-20 09:16:54,America/Denver,,Female,,,,,,,1964-04-05,False
SID-00-000-000-000-000-064,MIM,18,1,Elizabeth Miller,Elizabeth,,Miller,elizabeth.miller64@example.com,+17833800136,3501 Park St,,,Calapan,50410,,2025-09-19 14:29:20,America/Los_Angeles,,Non-binary,,,,,,,1967-02-06,False
SID-00-000-000-000-000-065,YOG,16,2,Hiroshi Kim,Hiroshi,,Kim,hiroshi.kim65@example.com,+12637045876,4166 Elm St,,,Yogyakarta,61936,,2026-07-15 19:02:13,Asia/Kolkata,,Male,,,,,,,2003-05-09,False
SID-00-000-000-000-000-066,NIR,3,1,Betty Lewis,Betty,,Lewis,betty.lewis66@example.com,+19747677546,2390 Main St,,,Belfast,11567,,2026-03-18 23:35:15,America/New_York,,Female,,,,,,,1968-04-27,False
SID-00-000-000-000-000-067,GUA,9,3,Sunita Wang,Sunita,,Wang,sunita.wang67@example.com,+12322067505,1156 Oak St,,,Leon,94670,,2026-05-13 02:37:37,America/Los_Angeles,,Female,,,,,,,1965-06-04,False
SID-00-000-000-000-000-068,MI,1,1,Patricia Hernandez,Patricia,,Hernandez,patricia.hernandez68@example.com,+17938777722,7090 Oak St,,,Detroit,56392,,2026-04-15 13:52:46,America/Chicago,,Female,,,,,,,1977-05-15,False
SID-00-000-000-000-000-069,AR-IN,2,1,Amanda Chen,Amanda,,Chen,amanda.chen69@example.com,+14365189801,1099 Main St,,,Itanagar,46670,,2026-05-13 07:41:18,America/Los_Angeles,,Female,,,,,,,1986-04-21,False
SID-00-000-000-000-000-070,BAU,11,1,Raj Singh,Raj,,Singh,raj.singh70@example.com,+18633653454,8040 Elm St,,,Bauchi,84141,,2026-08-26 00:24:50,Asia/Kolkata,,Non-binary,,,,,,,1984-05-06,False
SID-00-000-000-000-000-071,IN-US,1,1,Kenneth Anderson,Kenneth,,Anderson,kenneth.anderson71@example.com,+19588529336,3913 Oak St,,,Indianapolis,23124,,2025-07-16 08:03:51,America/Chicago,,Female,,,,,,,1977-09-27,False
SID-00-000-000-000-000-072,RYG,17,3,Wei Anderson,Wei,,Anderson,wei.anderson72@example.com,+12746087503,3975 Cedar St,,,Rayong,51681,,2026-05-14 12:22:59,Europe/London,,Non-binary,,,,,,,1997-01-23,False
SID-00-000-000-000-000-073,NTB,16,2,Joshua Gupta,Joshua,,Gupta,joshua.gupta73@example.com,+18409064989,5163 Oak St,,,Mataram,74282,,2025-10-02 18:12:53,America/New_York,,Male,,,,,,,1963-04-20,False
SID-00-000-000-000-000-074,BY,6,2,Donna Walker,Donna,,Walker,donna.walker74@example.com,+17758516247,3007 Elm St,,,Munich,17806,,2025-06-13 10:58:39,America/New_York,,Female,,,,,,,1997-12-05,False
SID-00-000-000-000-000-075,R12,18,3,Carlos Kumar,Carlos,,Kumar,carlos.kumar75@example.com,+17994037296,1755 Elm St,,,Koronadal,49552,,2026-09-29 11:04:23,America/Denver,,Female,,,,,,,1970-12-14,False
SID-00-000-000-000-000-076,CLM,14,3,Priya Lee,Priya,,Lee,priya.lee76@example.com,+15380104018,3757 Cedar St,,,Toledo,32983,,2025-10-24 22:35:44,America/Los_Angeles,,Non-binary,,,,,,,2004-05-05,False
SID-00-000-000-000-000-077,ON,4,1,Vikram Gupta,Vikram,,Gupta,vikram.gupta77@example.com,+19768766560,3719 Cedar St,,,Toronto,23645,,2026-01-25 18:02:11,America/Los_Angeles,,Female,,,,,,,1981-12-03,False
SID-00-000-000-000-000-078,RP,6,1,Daniel Hernandez,Daniel,,Hernandez,daniel.hernandez78@example.com,+15808147844,7417 Main St,,,Mainz,44761,,2026-06-03 02:52:45,America/Chicago,,Female,,,,,,,2004-02-12,False
SID-00-000-000-000-000-079,RS,7,3,Sanjay Smith,Sanjay,,Smith,sanjay.smith79@example.com,+15799121913,8178 Park St,,,Porto Alegre,56036,,2025-07-21 12:28:46,Asia/Kolkata,,Prefer not to say,,,,,,,1966-08-26,False
SID-00-000-000-000-000-080,JLB,12,1,William Lewis,William,,Lewis,william.lewis80@example.com,+12449790661,5700 Oak St,,,Jeonju,59212,,2025-07-28 01:18:01,America/Chicago,,Male,,,,,,,1995-02-11,False
SID-00-000-000-000-000-081,VEN-IT,13,1,Anita Johnson,Anita,,Johnson,anita.johnson81@example.com,+12230020161,5524 Oak St,,,Venice,34901,,2026-03-04 20:10:38,America/Los_Angeles,,Non-binary,,,,,,,2002-05-10,False
SID-00-000-000-000-000-082,RP,6,1,Patricia Sanchez,Patricia,,Sanchez,patricia.sanchez82@example.com,+12016387764,1535 Elm St,,,Mainz,96772,,2026-03-29 17:53:31,Europe/London,,Prefer not to say,,,,,,,1972-02-01,False
SID-00-000-000-000-000-083,QLD,5,1,Raj Jackson,Raj,,Jackson,raj.jackson83@example.com,+14022691021,4441 Main St,,,Brisbane,94130,,2025-07-31 15:54:07,Asia/Kolkata,,Prefer not to say,,,,,,,1971-06-13,False
SID-00-000-000-000-000-084,JP36,8,2,Donald Williams,Donald,,Williams,donald.williams84@example.com,+14423420650,2576 Main St,,,Tokushima,21233,,2025-10-27 14:29:16,Europe/London,,Non-binary,,,,,,,1994-07-25,False
SID-00-000-000-000-000-085,LAZ,13,3,Michelle Brown,Michelle,,Brown,michelle.brown85@example.com,+19245901587,7879 Cedar St,,,Rome,40886,,2026-08-31 12:52:33,America/Los_Angeles,,Non-binary,,,,,,,1965-07-28,False
SID-00-000-000-000-000-086,BKL,16,1,Andrew Gupta,Andrew,,Gupta,andrew.gupta86@example.com,+15252100938,2932 Oak St,,,Bengkulu,37772,,2026-03-01 18:43:39,America/Chicago,,Female,,,,,,,1962-07-03,False
SID-00-000-000-000-000-087,JTM,16,1,Richard Wang,Richard,,Wang,richard.wang87@example.com,+15467514661,1525 Park St,,,Surabaya,82923,,2025-10-12 19:16:20,America/Los_Angeles,,Non-binary,,,,,,,1977-09-15,False
SID-00-000-000-000-000-088,CT-US,1,1,Linda Clark,Linda,,Clark,linda.clark88@example.com,+16035765954,1830 Cedar St,,,Hartford,23237,,2025-09-22 04:36:37,America/Denver,,Non-binary,,,,,,,1986-05-13,False
SID-00-000-000-000-000-089,CTB,14,1,Joshua Nair,Joshua,,Nair,joshua.nair89@example.com,+18909121735,6681 Main St,,,Santander,61877,,2026-02-23 01:11:17,America/Denver,,Female,,,,,,,1963-12-16,False
SID-00-000-000-000-000-090,GO,7,1,Mary Perez,Mary,,Perez,mary.perez90@example.com,+19285049844,1709 Oak St,,,Goiania,27614,,2026-09-15 09:19:17,America/Denver,,Prefer not to say,,,,,,,1980-05-24,False
SID-00-000-000-000-000-091,MIC,9,1,Richard Lewis,Richard,,Lewis,richard.lewis91@example.com,+17900899405,1020 Cedar St,,,Morelia,30836,,2025-11-04 13:47:31,America/New_York,,Non-binary,,,,,,,2005-09-13,False
SID-00-000-000-000-000-092,UK,2,1,Barbara Gonzalez,Barbara,,Gonzalez,barbara.gonzalez92@example.com,+16512117753,6004 Oak St,,,Dehradun,45910,,2026-09-07 06:53:03,America/Denver,,Prefer not to say,,,,,,,1992-07-21,False
SID-00-000-000-000-000-093,PB,2,1,Jessica White,Jessica,,White,jessica.white93@example.com,+14367960313,5740 Oak St,,,Chandigarh,43903,,2026-04-02 19:28:11,Europe/London,,Male,,,,,,,1978-01-13,False
SID-00-000-000-000-000-094,MT,1,1,Carlos Gupta,Carlos,,Gupta,carlos.gupta94@example.com,+12887902820,6809 Cedar St,,,Billings,12628,,2026-08-15 06:54:14,Europe/London,,Male,,,,,,,1990-03-21,False
SID-00-000-000-000-000-095,WLS,3,1,Joseph Taylor,Joseph,,Taylor,joseph.taylor95@example.com,+15846070092,5813 Park St,,,Cardiff,43029,,2026-05-19 09:45:45,America/Chicago,,Prefer not to say,,,,,,,1979-11-17,False
SID-00-000-000-000-000-096,VDA,13,1,Carol Miller,Carol,,Miller,carol.miller96@example.com,+19075280531,4731 Elm St,,,Aosta,99707,,2025-07-27 16:42:53,America/New_York,,Prefer not to say,,,,,,,1964-06-09,False
SID-00-000-000-000-000-097,CLM,14,1,Sofia Moore,Sofia,,Moore,sofia.moore97@example.com,+16938908710,4037 Main St,,,Toledo,88647,,2025-11-22 20:45:57,America/Los_Angeles,,Non-binary,,,,,,,2003-03-24,False
SID-00-000-000-000-000-098,IN-US,1,1,Christopher Taylor,Christopher,,Taylor,christopher.taylor98@example.com,+15504756453,5722 Oak St,,,Indianapolis,99957,,2026-01-03 12:24:47,Asia/Kolkata,,Prefer not to say,,,,,,,2002-06-17,False
SID-00-000-000-000-000-099,RR,7,1,Yuki Zhang,Yuki,,Zhang,yuki.zhang99@example.com,+15182222430,9259 Oak St,,,Boa Vista,99091,,2026-08-29 17:11:18,America/Denver,,Male,,,,,,,1974-06-08,False
SID-00-000-000-000-000-100,LPG,17,2,Mark Perez,Mark,,Perez,mark.perez100@example.com,+14020939193,9661 Cedar St,,,Lampang,91350,,2026-01-06 08:37:18,America/New_York,,Prefer not to say,,,,,,,1972-09-04,False
SID-00-000-000-000-000-101,JTG,16,1,Donna Martin,Donna,,Martin,donna.martin101@example.com,+12860267314,6804 Cedar St,,,Semarang,69974,,2026-01-07 01:55:54,America/Chicago,,Non-binary,,,,,,,2005-03-25,False
SID-00-000-000-000-000-102,TN-US,1,1,Lisa Wang,Lisa,,Wang,lisa.wang102@example.com,+17194257715,2862 Cedar St,,,Nashville,30766,,2025-08-30 10:40:03,America/Los_Angeles,,Male,,,,,,,1968-10-14,False
SID-00-000-000-000-000-103,GAL,14,1,Betty Ramirez,Betty,,Ramirez,betty.ramirez103@example.com,+17897425621,330 Elm St,,,Santiago,79603,,2026-03-06 12:00:02,America/Chicago,,Male,,,,,,,2003-01-21,False
SID-00-000-000-000-000-104,SRI,17,1,Joseph Tanaka,Joseph,,Tanaka,joseph.tanaka104@example.com,+14528321354,2836 Main St,,,Surat Thani,15992,,2026-08-30 11:19:08,America/Denver,,Non-binary,,,,,,,1989-12-17,False
SID-00-000-000-000-000-105,EMR,13,1,Sandra Liu,Sandra,,Liu,sandra.liu105@example.com,+17003136560,6709 Main St,,,Bologna,39939,,2025-08-30 10:57:31,America/Chicago,,Female,,,,,,,1973-12-01,False
SID-00-000-000-000-000-106,LAZ,13,2,Linda White,Linda,,White,linda.white106@example.com,+17393573428,8861 Cedar St,,,Rome,16368,,2026-06-24 20:50:02,Asia/Kolkata,,Male,,,,,,,2002-02-21,False
SID-00-000-000-000-000-107,HI,1,1,Vikram Davis,Vikram,,Davis,vikram.davis107@example.com,+15014501050,3466 Main St,,,Honolulu,49467,,2026-02-04 14:24:07,America/Los_Angeles,,Male,,,,,,,2002-09-09,False
SID-00-000-000-000-000-108,MOL,13,1,Mark Miller,Mark,,Miller,mark.miller108@example.com,+12456399159,3354 Cedar St,,,Campobasso,36181,,2026-03-07 23:39:07,America/Denver,,Female,,,,,,,1982-12-14,False
SID-00-000-000-000-000-109,AC,7,1,Robert Sharma,Robert,,Sharma,robert.sharma109@example.com,+12011759631,1558 Main St,,,Rio Branco,85255,,2026-03-12 06:44:59,Europe/London,,Prefer not to say,,,,,,,1969-02-25,False
SID-00-000-000-000-000-110,PLT,11,3,Sanjay Nguyen,Sanjay,,Nguyen,sanjay.nguyen110@example.com,+13271405590,7706 Main St,,,Jos,23082,,2025-08-20 08:41:14,America/Chicago,,Male,,,,,,,1978-06-26,False
SID-00-000-000-000-000-111,JKT,16,1,Sandra Davis,Sandra,,Davis,sandra.davis111@example.com,+12732344664,5957 Park St,,,Jakarta,91501,,2025-07-27 01:00:54,America/Denver,,Male,,,,,,,1983-06-06,False
SID-00-000-000-000-000-112,TS,2,1,Betty Robinson,Betty,,Robinson,betty.robinson112@example.com,+19081741710,2832 Main St,,,Hyderabad,27368,,2025-11-17 12:44:54,Europe/London,,Male,,,,,,,1970-02-14,False
SID-00-000-000-000-000-113,CAP,13,1,Ling Gupta,Ling,,Gupta,ling.gupta113@example.com,+14625764422,2240 Park St,,,Naples,73979,,2026-06-07 14:11:39,America/New_York,,Prefer not to say,,,,,,,1988-01-03,False
SID-00-000-000-000-000-114,PE-BR,7,1,James Kim,James,,Kim,james.kim114@example.com,+14426709025,5642 Cedar St,,,Recife,78564,,2026-10-05 21:33:49,Europe/London,,Male,,,,,,,1987-11-24,False
SID-00-000-000-000-000-115,SP,7,2,Matthew Zhang,Matthew,,Zhang,matthew.zhang115@example.com,+14632445649,290 Oak St,,,Sao Paulo,76265,,2026-07-05 20:24:09,America/Los_Angeles,,Prefer not to say,,,,,,,1970-02-25,False
SID-00-000-000-000-000-116,KAD,11,1,Jessica Perez,Jessica,,Perez,jessica.perez116@example.com,+18027028768,3950 Main St,,,Kaduna,70174,,2025-11-25 01:32:14,America/Los_Angeles,,Prefer not to say,,,,,,,1965-08-15,False
SID-00-000-000-000-000-117,JP08,8,1,Emily Li,Emily,,Li,emily.li117@example.com,+16295696222,1589 Cedar St,,,Mito,91142,,2025-06-12 03:25:26,Europe/London,,Non-binary,,,,,,,1992-09-07,False
SID-00-000-000-000-000-118,CTB,14,1,Lisa White,Lisa,,White,lisa.white118@example.com,+18700796861,9929 Park St,,,Santander,96136,,2026-09-20 01:52:14,America/Denver,,Prefer not to say,,,,,,,1967-02-25,False
SID-00-000-000-000-000-119,GP,15,1,James Perez,James,,Perez,james.perez119@example.com,+15015479599,850 Oak St,,,Johannesburg,74542,,2026-01-03 20:51:18,America/Chicago,,Prefer not to say,,,,,,,1966-05-20,False
SID-00-000-000-000-000-120,NT,4,1,Linda Sanchez,Linda,,Sanchez,linda.sanchez120@example.com,+16757817637,6890 Main St,,,Yellowknife,93000,,2025-10-01 14:52:50,Europe/London,,Male,,,,,,,1988-08-22,False
SID-00-000-000-000-000-121,LAZ,13,1,Emily Smith,Emily,,Smith,emily.smith121@example.com,+14513074317,8428 Oak St,,,Rome,85832,,2026-04-27 23:03:35,America/Chicago,,Female,,,,,,,1966-07-22,False
SID-00-000-000-000-000-122,PUG,13,1,Andrew Harris,Andrew,,Harris,andrew.harris122@example.com,+18003805904,5717 Elm St,,,Bari,69355,,2026-02-18 19:58:44,America/Chicago,,Female,,,,,,,1986-10-23,False
SID-00-000-000-000-000-123,NCR,18,1,Yuki Tanaka,Yuki,,Tanaka,yuki.tanaka123@example.com,+12933479178,3535 Cedar St,,,Manila,48086,,2026-05-06 10:45:47,Europe/London,,Non-binary,,,,,,,2003-03-23,False
SID-00-000-000-000-000-124,BAL,14,1,Andrew Singh,Andrew,,Singh,andrew.singh124@example.com,+14414975110,9648 Cedar St,,,Palma,97445,,2026-05-29 20:20:45,Europe/London,,Prefer not to say,,,,,,,2003-12-27,False
SID-00-000-000-000-000-125,TAR,11,1,Carlos Ramirez,Carlos,,Ramirez,carlos.ramirez125@example.com,+16522879733,1027 Oak St,,,Jalingo,44993,,2026-07-20 00:33:06,America/Chicago,,Non-binary,,,,,,,2003-05-05,False
SID-00-000-000-000-000-126,NY,1,1,Susan Singh,Susan,,Singh,susan.singh126@example.com,+19196329412,9305 Oak St,,,Buffalo,94819,,2025-06-23 11:52:28,Asia/Kolkata,,Prefer not to say,,,,,,,1975-09-26,False
SID-00-000-000-000-000-127,KBS,16,3,Vikram Zhang,Vikram,,Zhang,vikram.zhang127@example.com,+17637805902,9146 Main St,,,Banjarmasin,11699,,2025-08-14 12:24:26,Europe/London,,Non-binary,,,,,,,1972-10-28,False
SID-00-000-000-000-000-128,MIM,18,1,Yuki Anderson,Yuki,,Anderson,yuki.anderson128@example.com,+18642661439,9985 Oak St,,,Calapan,35362,,2026-05-14 22:45:41,America/Denver,,Prefer not to say,,,,,,,1971-11-03,False
SID-00-000-000-000-000-129,SK-CA,4,1,Deepa Shah,Deepa,,Shah,deepa.shah129@example.com,+12558631501,9668 Elm St,,,Regina,10739,,2025-08-18 12:02:27,America/Denver,,Prefer not to say,,,,,,,2005-03-02,False
SID-00-000-000-000-000-130,SK,2,1,Kenneth Brown,Kenneth,,Brown,kenneth.brown130@example.com,+19687597110,9113 Elm St,,,Gangtok,19552,,2026-08-13 20:39:53,Europe/London,,Non-binary,,,,,,,1993-04-06,False
SID-00-000-000-000-000-131,NAS,11,1,Jun Shah,Jun,,Shah,jun.shah131@example.com,+17245005822,3595 Elm St,,,Lafia,53393,,2025-09-15 13:34:34,America/Denver,,Non-binary,,,,,,,1973-10-17,False
SID-00-000-000-000-000-132,BFC,10,1,Linda Zhang,Linda,,Zhang,linda.zhang132@example.com,+14667740351,753 Elm St,,,Dijon,59987,,2026-01-05 14:15:57,America/New_York,,Prefer not to say,,,,,,,1976-09-24,False
SID-00-000-000-000-000-133,AL-BR,7,1,Donna White,Donna,,White,donna.white133@example.com,+14798292304,5348 Cedar St,,,Maceio,20793,,2026-02-21 16:28:31,America/New_York,,Female,,,,,,,1994-09-01,False
SID-00-000-000-000-000-134,MAD-ES,14,2,Susan Zhang,Susan,,Zhang,susan.zhang134@example.com,+17177924820,7230 Main St,,,Madrid,99921,,2026-05-16 06:55:43,America/Chicago,,Male,,,,,,,1989-12-11,False
SID-00-000-000-000-000-135,MD,1,2,John Brown,John,,Brown,john.brown135@example.com,+15912657541,6778 Park St,,,Baltimore,69129,,2025-10-06 08:35:04,Europe/London,,Prefer not to say,,,,,,,1987-06-01,False
SID-00-000-000-000-000-136,JP46,8,1,Paul Smith,Paul,,Smith,paul.smith136@example.com,+16490460681,1289 Elm St,,,Kagoshima,75907,,2026-06-12 23:39:04,America/New_York,,Non-binary,,,,,,,2003-05-20,False
SID-00-000-000-000-000-137,VT,1,1,Wei Lewis,Wei,,Lewis,wei.lewis137@example.com,+14291226621,2334 Park St,,,Burlington,81529,,2025-12-14 12:52:42,America/Denver,,Female,,,,,,,1979-11-26,False
SID-00-000-000-000-000-138,KKN,17,1,James Sharma,James,,Sharma,james.sharma138@example.com,+14562613232,8900 Cedar St,,,Khon Kaen,21157,,2026-08-24 17:09:07,America/Denver,,Female,,,,,,,1982-04-14,False
SID-00-000-000-000-000-139,ARA-ES,14,1,William Lopez,William,,Lopez,william.lopez139@example.com,+19176795461,9394 Main St,,,Zaragoza,81939,,2025-10-04 19:53:16,America/Los_Angeles,,Male,,,,,,,1978-11-03,False
SID-00-000-000-000-000-140,RJ-BR,7,1,Richard Nguyen,Richard,,Nguyen,richard.nguyen140@example.com,+13007310926,4771 Cedar St,,,Rio de Janeiro,19149,,2026-04-02 15:21:22,America/Chicago,,Non-binary,,,,,,,1991-08-11,False
SID-00-000-000-000-000-141,TAA,13,1,Vikram Reddy,Vikram,,Reddy,vikram.reddy141@example.com,+13839566253,179 Elm St,,,Trento,42266,,2025-10-08 18:36:23,America/Chicago,,Prefer not to say,,,,,,,1977-06-05,False
SID-00-000-000-000-000-142,JBR,16,1,Steven Robinson,Steven,,Robinson,steven.robinson142@example.com,+17049894392,1443 Elm St,,,Bandung,28350,,2026-02-15 11:49:19,Asia/Kolkata,,Female,,,,,,,1976-12-21,False
SID-00-000-000-000-000-143,SC,1,1,Mary Shah,Mary,,Shah,mary.shah143@example.com,+14534186676,700 Cedar St,,,Charleston,44159,,2026-05-27 00:52:37,Asia/Kolkata,,Prefer not to say,,,,,,,2001-03-12,False
SID-00-000-000-000-000-144,JP47,8,1,Mei Reddy,Mei,,Reddy,mei.reddy144@example.com,+13704179289,8327 Main St,,,Naha,96858,,2026-07-13 09:08:29,America/Chicago,,Female,,,,,,,1992-03-15,False
SID-00-000-000-000-000-145,PY,2,3,Joshua Gupta,Joshua,,Gupta,joshua.gupta145@example.com,+12173601852,8089 Oak St,,,Puducherry,18239,,2026-06-03 04:47:46,America/Denver,,Non-binary,,,,,,,1974-01-22,False
SID-00-000-000-000-000-146,QLD,5,1,Anthony Walker,Anthony,,Walker,anthony.walker146@example.com,+19016116753,4580 Elm St,,,Brisbane,85842,,2026-02-08 01:02:41,Asia/Kolkata,,Female,,,,,,,1984-11-13,False
SID-00-000-000-000-000-147,JP34,8,2,Donna Taylor,Donna,,Taylor,donna.taylor147@example.com,+13481902553,7998 Cedar St,,,Hiroshima,10864,,2026-01-01 07:33:25,Asia/Kolkata,,Female,,,,,,,1988-03-08,False
SID-00-000-000-000-000-148,SC,1,2,Susan Martinez,Susan,,Martinez,susan.martinez148@example.com,+14839444315,6893 Elm St,,,Charleston,24855,,2025-10-19 05:23:38,America/Los_Angeles,,Prefer not to say,,,,,,,1990-04-19,False
SID-00-000-000-000-000-149,CH,2,1,Mary Thomas,Mary,,Thomas,mary.thomas149@example.com,+14201784149,9476 Oak St,,,Chandigarh City,17328,,2025-07-03 04:36:37,America/Chicago,,Non-binary,,,,,,,1971-09-13,False
SID-00-000-000-000-000-150,PIE,13,1,Sanjay Nguyen,Sanjay,,Nguyen,sanjay.nguyen150@example.com,+18319672669,7991 Oak St,,,Turin,38752,,2026-06-02 09:05:13,America/Los_Angeles,,Female,,,,,,,1997-03-20,False
SID-00-000-000-000-000-151,GP,15,1,William Nguyen,William,,Nguyen,william.nguyen151@example.com,+12987042690,6415 Oak St,,,Johannesburg,24230,,2026-06-25 10:59:29,America/New_York,,Female,,,,,,,1993-09-22,False
SID-00-000-000-000-000-152,OAX,9,1,Kenneth Miller,Kenneth,,Miller,kenneth.miller152@example.com,+19661655724,8346 Main St,,,Oaxaca,22214,,2025-10-07 15:57:39,America/Los_Angeles,,Female,,,,,,,1998-09-27,False
SID-00-000-000-000-000-153,AL,1,1,Donna Clark,Donna,,Clark,donna.clark153@example.com,+15445853096,6346 Elm St,,,Montgomery,87207,,2026-01-03 01:44:33,Europe/London,,Male,,,,,,,1987-03-09,False
SID-00-000-000-000-000-154,CVL,10,1,Carlos Garcia,Carlos,,Garcia,carlos.garcia154@example.com,+16318458401,216 Cedar St,,,Orleans,78490,,2025-11-19 19:56:34,America/New_York,,Male,,,,,,,1984-11-07,False
SID-00-000-000-000-000-155,BLI,16,1,Mark White,Mark,,White,mark.white155@example.com,+19967065241,7039 Cedar St,,,Denpasar,57925,,2025-08-31 04:27:41,Asia/Kolkata,,Non-binary,,,,,,,2003-07-25,False
SID-00-000-000-000-000-156,VIC,5,1,Michelle Sharma,Michelle,,Sharma,michelle.sharma156@example.com,+16245610678,9564 Elm St,,,Melbourne,62183,,2026-03-10 05:23:35,Europe/London,,Female,,,,,,,2002-02-24,False
SID-00-000-000-000-000-157,HE,6,1,Jun Tanaka,Jun,,Tanaka,jun.tanaka157@example.com,+19734607873,952 Oak St,,,Frankfurt,61000,,2025-09-16 03:13:32,Europe/London,,Male,,,,,,,1965-03-16,False
SID-00-000-000-000-000-158,PUG,13,1,Jennifer Jones,Jennifer,,Jones,jennifer.jones158@example.com,+17945634940,6664 Cedar St,,,Bari,96006,,2025-11-20 07:23:05,Asia/Kolkata,,Non-binary,,,,,,,2005-10-02,False
SID-00-000-000-000-000-159,R12,18,3,Raj Patel,Raj,,Patel,raj.patel159@example.com,+14225451403,3290 Main St,,,Koronadal,88579,,2026-02-22 00:12:54,Asia/Kolkata,,Female,,,,,,,1999-03-22,False
SID-00-000-000-000-000-160,ME,1,1,Jessica Li,Jessica,,Li,jessica.li160@example.com,+14876176605,6742 Cedar St,,,Portland,36255,,2025-07-20 05:05:17,Asia/Kolkata,,Male,,,,,,,2005-02-03,False
SID-00-000-000-000-000-161,KAT,11,1,Sanjay Sharma,Sanjay,,Sharma,sanjay.sharma161@example.com,+16136298935,7550 Park St,,,Katsina,85354,,2026-04-12 11:22:52,America/New_York,,Non-binary,,,,,,,1971-07-17,False
SID-00-000-000-000-000-162,UP,2,2,Andrew Jackson,Andrew,,Jackson,andrew.jackson162@example.com,+19787408571,9519 Elm St,,,Lucknow,68034,,2025-12-08 03:51:32,America/Los_Angeles,,Prefer not to say,,,,,,,1975-06-25,False
SID-00-000-000-000-000-163,ARA,10,1,Carol Johnson,Carol,,Johnson,carol.johnson163@example.com,+16270048042,3867 Elm St,,,Lyon,64057,,2026-02-26 03:16:04,America/Denver,,Male,,,,,,,2004-05-08,False
SID-00-000-000-000-000-164,MS-BR,7,1,Betty Liu,Betty,,Liu,betty.liu164@example.com,+13348073339,3680 Cedar St,,,Campo Grande,45268,,2026-08-17 10:04:35,America/Chicago,,Female,,,,,,,1991-12-07,False
SID-00-000-000-000-000-165,NW,6,2,Sofia Taylor,Sofia,,Taylor,sofia.taylor165@example.com,+13529125930,1847 Main St,,,Cologne,20287,,2025-09-29 07:12:53,Europe/London,,Prefer not to say,,,,,,,1999-01-25,False
SID-00-000-000-000-000-166,BAY,11,3,Carlos Walker,Carlos,,Walker,carlos.walker166@example.com,+15731333752,8141 Oak St,,,Yenagoa,76995,,2026-02-03 19:20:31,America/Denver,,Prefer not to say,,,,,,,1974-10-05,False
SID-00-000-000-000-000-167,NV,1,1,Steven Singh,Steven,,Singh,steven.singh167@example.com,+12750761833,2072 Cedar St,,,Las Vegas,70302,,2025-08-11 16:22:25,America/Denver,,Male,,,,,,,1960-11-07,False
SID-00-000-000-000-000-168,JP41,8,1,Daniel White,Daniel,,White,daniel.white168@example.com,+18319380202,5721 Elm St,,,Saga,34105,,2026-04-26 08:11:35,America/Los_Angeles,,Prefer not to say,,,,,,,1973-07-23,False
SID-00-000-000-000-000-169,R01,18,3,Nancy Sanchez,Nancy,,Sanchez,nancy.sanchez169@example.com,+14946398734,1736 Elm St,,,Vigan,40907,,2025-10-30 14:11:36,Asia/Kolkata,,Prefer not to say,,,,,,,1984-04-05,False
SID-00-000-000-000-000-170,UBN,17,2,Steven Smith,Steven,,Smith,steven.smith170@example.com,+18515495352,5272 Park St,,,Ubon Ratchathani,49326,,2025-10-26 13:31:08,America/Denver,,Male,,,,,,,1985-02-23,False
SID-00-000-000-000-000-171,AN,2,1,Susan Taylor,Susan,,Taylor,susan.taylor171@example.com,+13550320086,9280 Cedar St,,,Port Blair,43779,,2026-03-18 20:06:28,America/Denver,,Male,,,,,,,1986-02-12,False
SID-00-000-000-000-000-172,JBR,16,1,Joshua Gupta,Joshua,,Gupta,joshua.gupta172@example.com,+17691219444,8463 Park St,,,Bandung,68580,,2026-06-17 20:34:11,America/New_York,,Prefer not to say,,,,,,,1999-05-15,False
SID-00-000-000-000-000-173,VAL-ES,14,1,Sofia Hernandez,Sofia,,Hernandez,sofia.hernandez173@example.com,+19940968344,1268 Main St,,,Valencia,31233,,2026-06-02 10:26:40,America/Denver,,Female,,,,,,,1980-06-21,False
SID-00-000-000-000-000-174,RO,7,2,Kenneth Li,Kenneth,,Li,kenneth.li174@example.com,+17854748395,9716 Cedar St,,,Porto Velho,69020,,2026-02-07 08:56:28,America/Los_Angeles,,Female,,,,,,,1971-01-05,False
SID-00-000-000-000-000-175,CRI,17,1,Amit Taylor,Amit,,Taylor,amit.taylor175@example.com,+12442421654,1145 Park St,,,Chiang Rai,81884,,2026-06-29 22:47:05,America/New_York,,Male,,,,,,,1985-09-25,False
SID-00-000-000-000-000-176,TX,1,1,Thomas Chen,Thomas,,Chen,thomas.chen176@example.com,+12985076350,4755 Park St,,,Houston,92114,,2025-10-14 02:41:59,America/Chicago,,Female,,,,,,,1993-03-01,False
SID-00-000-000-000-000-177,LA-US,1,3,Sofia Lee,Sofia,,Lee,sofia.lee177@example.com,+14355984014,2313 Cedar St,,,New Orleans,33204,,2026-09-20 15:29:55,Asia/Kolkata,,Prefer not to say,,,,,,,2000-12-21,False
SID-00-000-000-000-000-178,GWJ,12,1,Donna Wang,Donna,,Wang,donna.wang178@example.com,+17270476542,1567 Park St,,,Gwangju,50352,,2026-05-16 17:19:58,America/Denver,,Prefer not to say,,,,,,,1976-03-10,False
SID-00-000-000-000-000-179,CO,1,1,Donna Rodriguez,Donna,,Rodriguez,donna.rodriguez179@example.com,+18407797646,7916 Elm St,,,Denver,11197,,2025-11-24 09:30:34,America/Los_Angeles,,Non-binary,,,,,,,1998-04-26,False
SID-00-000-000-000-000-180,AR,1,1,Richard Clark,Richard,,Clark,richard.clark180@example.com,+19460864360,6485 Park St,,,Little Rock,38913,,2026-09-10 17:27:25,America/Denver,,Male,,,,,,,1987-11-08,False
SID-00-000-000-000-000-181,CRS,11,1,Christopher Li,Christopher,,Li,christopher.li181@example.com,+12294050451,2338 Elm St,,,Calabar,24464,,2026-07-12 17:51:17,Europe/London,,Prefer not to say,,,,,,,1999-08-09,False
SID-00-000-000-000-000-182,NTB,16,1,Richard Lee,Richard,,Lee,richard.lee182@example.com,+12439261284,4510 Oak St,,,Mataram,67464,,2025-06-11 04:03:34,Europe/London,,Male,,,,,,,1974-02-05,False
SID-00-000-000-000-000-183,DE-US,1,3,Susan Perez,Susan,,Perez,susan.perez183@example.com,+18286476914,619 Elm St,,,Wilmington,20515,,2026-02-02 09:50:51,America/Chicago,,Male,,,,,,,1977-07-03,False
SID-00-000-000-000-000-184,SOK,11,1,Barbara Gonzalez,Barbara,,Gonzalez,barbara.gonzalez184@example.com,+15069538076,6404 Park St,,,Sokoto,42396,,2026-09-27 08:52:24,Europe/London,,Male,,,,,,,1972-08-24,False
SID-00-000-000-000-000-185,R10,18,3,Donna Zhang,Donna,,Zhang,donna.zhang185@example.com,+16976198225,791 Cedar St,,,Cagayan de Oro,78278,,2025-10-04 15:24:43,America/New_York,,Non-binary,,,,,,,1990-11-10,False
SID-00-000-000-000-000-186,YT,4,1,Patricia Zhang,Patricia,,Zhang,patricia.zhang186@example.com,+17013774538,4623 Cedar St,,,Whitehorse,25682,,2025-10-17 03:15:40,America/Los_Angeles,,Female,,,,,,,1960-01-19,False
SID-00-000-000-000-000-187,SUM,16,1,Vikram Nair,Vikram,,Nair,vikram.nair187@example.com,+16687533973,5644 Main St,,,Medan,17834,,2025-09-03 11:49:05,America/Denver,,Female,,,,,,,2004-09-26,False
SID-00-000-000-000-000-188,UP,2,1,Emily Anderson,Emily,,Anderson,emily.anderson188@example.com,+15830234433,3261 Main St,,,Lucknow,59514,,2025-12-28 17:50:41,America/Denver,,Female,,,,,,,1976-01-16,False
SID-00-000-000-000-000-189,LAM,16,1,Michelle Jackson,Michelle,,Jackson,michelle.jackson189@example.com,+13493208421,7774 Elm St,,,Bandar Lampung,88470,,2026-04-10 22:31:12,Asia/Kolkata,,Female,,,,,,,1964-09-05,False
SID-00-000-000-000-000-190,QR,9,1,Hiroshi Taylor,Hiroshi,,Taylor,hiroshi.taylor190@example.com,+17922947020,3139 Main St,,,Cancun,91229,,2026-04-23 11:29:00,America/Denver,,Female,,,,,,,1980-12-03,False
SID-00-000-000-000-000-191,GP,15,1,Richard Kumar,Richard,,Kumar,richard.kumar191@example.com,+13385556630,5376 Main St,,,Johannesburg,22616,,2026-05-25 15:49:35,Asia/Kolkata,,Male,,,,,,,1962-03-06,False
SID-00-000-000-000-000-192,KY,1,2,Michael Patel,Michael,,Patel,michael.patel192@example.com,+14825750278,8715 Cedar St,,,Louisville,87371,,2025-10-18 03:02:36,America/Denver,,Male,,,,,,,1983-04-20,False
SID-00-000-000-000-000-193,CNX,17,1,James Wilson,James,,Wilson,james.wilson193@example.com,+19735321766,1094 Elm St,,,Chiang Mai,83140,,2026-06-24 15:59:56,Europe/London,,Prefer not to say,,,,,,,1983-12-02,False
SID-00-000-000-000-000-194,TAA,13,3,Donna Williams,Donna,,Williams,donna.williams194@example.com,+12417124022,3884 Cedar St,,,Trento,60506,,2026-06-15 02:53:19,America/Chicago,,Female,,,,,,,1993-11-08,False
SID-00-000-000-000-000-195,GGI,12,1,Michelle Sharma,Michelle,,Sharma,michelle.sharma195@example.com,+14896923497,7097 Main St,,,Suwon,31864,,2026-02-08 23:06:49,America/Chicago,,Prefer not to say,,,,,,,1992-06-22,False
SID-00-000-000-000-000-196,LA,2,1,Matthew Lee,Matthew,,Lee,matthew.lee196@example.com,+18144328967,5399 Cedar St,,,Leh,41551,,2026-04-04 10:54:23,Asia/Kolkata,,Female,,,,,,,1984-09-24,False
SID-00-000-000-000-000-197,BA-BR,7,1,Donald Lewis,Donald,,Lewis,donald.lewis197@example.com,+14223115272,5045 Main St,,,Salvador,49365,,2026-01-08 00:46:02,America/Chicago,,Female,,,,,,,1980-01-25,False
SID-00-000-000-000-000-198,SUM,16,1,Michelle Shah,Michelle,,Shah,michelle.shah198@example.com,+13977273278,2657 Oak St,,,Medan,44732,,2026-03-21 18:59:36,America/Denver,,Female,,,,,,,1974-05-26,False
SID-00-000-000-000-000-199,RR,7,1,Joshua Sanchez,Joshua,,Sanchez,joshua.sanchez199@example.com,+14072464202,8099 Cedar St,,,Boa Vista,22499,,2026-05-04 06:46:04,Asia/Kolkata,,Non-binary,,,,,,,1962-12-26,False
SID-00-000-000-000-000-200,JLB,12,1,Jennifer Brown,Jennifer,,Brown,jennifer.brown200@example.com,+16812684913,3814 Cedar St,,,Jeonju,11498,,2026-08-21 10:22:56,Europe/London,,Prefer not to say,,,,,,,1963-05-17,False
SID-00-000-000-000-000-201,MI,1,1,Paul Gupta,Paul,,Gupta,paul.gupta201@example.com,+19188208608,6536 Park St,,,Detroit,88005,,2025-08-30 10:32:44,Asia/Kolkata,,Male,,,,,,,1974-07-10,False
SID-00-000-000-000-000-202,CDMX,9,1,David Perez,David,,Perez,david.perez202@example.com,+13127677925,6629 Cedar St,,,Mexico City,66949,,2025-07-16 15:36:47,Europe/London,,Female,,,,,,,1968-08-18,False
SID-00-000-000-000-000-203,YT,4,1,Betty Li,Betty,,Li,betty.li203@example.com,+13040735415,4462 Park St,,,Whitehorse,52390,,2026-05-06 06:35:39,Europe/London,,Male,,,,,,,1967-11-14,False
SID-00-000-000-000-000-204,GRO,9,1,Matthew Gonzalez,Matthew,,Gonzalez,matthew.gonzalez204@example.com,+17021913101,5829 Cedar St,,,Acapulco,67961,,2025-11-13 11:38:41,Asia/Kolkata,,Female,,,,,,,1988-01-27,False
SID-00-000-000-000-000-205,NI,6,1,Sunita White,Sunita,,White,sunita.white205@example.com,+17338851810,2519 Elm St,,,Hanover,11800,,2025-08-26 23:54:05,America/Denver,,Male,,,,,,,1979-08-16,False
SID-00-000-000-000-000-206,ID-US,1,1,Susan Singh,Susan,,Singh,susan.singh206@example.com,+18369549573,2415 Main St,,,Boise,59362,,2025-11-04 06:34:33,Asia/Kolkata,,Male,,,,,,,1976-03-02,False
SID-00-000-000-000-000-207,PI,7,3,Jun Tanaka,Jun,,Tanaka,jun.tanaka207@example.com,+12286035346,4545 Elm St,,,Teresina,24141,,2026-05-24 08:03:29,America/New_York,,Non-binary,,,,,,,2001-07-08,False
SID-00-000-000-000-000-208,JP41,8,1,Daniel Patel,Daniel,,Patel,daniel.patel208@example.com,+16152337319,9286 Main St,,,Saga,15210,,2026-08-29 19:34:05,America/Chicago,,Non-binary,,,,,,,1981-08-13,False
SID-00-000-000-000-000-209,LPG,17,1,Mary Thompson,Mary,,Thompson,mary.thompson209@example.com,+14152858629,1115 Elm St,,,Lampang,60747,,2026-06-05 11:22:40,America/New_York,,Non-binary,,,,,,,1974-03-11,False
SID-00-000-000-000-000-210,CDMX,9,1,Jennifer Nguyen,Jennifer,,Nguyen,jennifer.nguyen210@example.com,+12976795716,4038 Cedar St,,,Mexico City,30021,,2026-02-06 16:43:39,America/Los_Angeles,,Non-binary,,,,,,,1998-06-15,False
SID-00-000-000-000-000-211,BAY,11,1,Susan Li,Susan,,Li,susan.li211@example.com,+12593176411,8682 Oak St,,,Yenagoa,66369,,2025-09-30 18:34:43,America/Chicago,,Female,,,,,,,1980-02-18,False
SID-00-000-000-000-000-212,ADW,11,1,Barbara Lee,Barbara,,Lee,barbara.lee212@example.com,+16178556644,6837 Elm St,,,Yola,68065,,2026-09-21 04:46:01,Europe/London,,Non-binary,,,,,,,1969-04-04,False
SID-00-000-000-000-000-213,AS,2,1,Mary Chen,Mary,,Chen,mary.chen213@example.com,+12997216402,527 Elm St,,,Guwahati,20417,,2026-05-21 08:38:36,Europe/London,,Prefer not to say,,,,,,,1968-09-28,False
SID-00-000-000-000-000-214,CAL-IT,13,1,Anita Li,Anita,,Li,anita.li214@example.com,+12703457120,3807 Main St,,,Catanzaro,63554,,2026-01-09 05:54:24,America/New_York,,Non-binary,,,,,,,1986-04-24,False
SID-00-000-000-000-000-215,NW-ZA,15,1,Wei Wilson,Wei,,Wilson,wei.wilson215@example.com,+14954347827,7596 Oak St,,,Mahikeng,66040,,2025-08-28 05:59:28,America/Los_Angeles,,Male,,,,,,,1998-12-27,False
SID-00-000-000-000-000-216,JP41,8,1,Betty Chen,Betty,,Chen,betty.chen216@example.com,+19319107666,730 Cedar St,,,Saga,24328,,2026-07-19 18:38:34,America/Los_Angeles,,Prefer not to say,,,,,,,1962-04-17,False
SID-00-000-000-000-000-217,EKT,11,3,Deepa Williams,Deepa,,Williams,deepa.williams217@example.com,+12815401018,7301 Park St,,,Ado Ekiti,49918,,2026-04-22 12:33:48,America/Denver,,Prefer not to say,,,,,,,1970-07-10,False
SID-00-000-000-000-000-218,ABR,13,1,Vikram Kumar,Vikram,,Kumar,vikram.kumar218@example.com,+14150308852,3045 Cedar St,,,LAquila,81618,,2025-09-09 14:53:41,America/Chicago,,Prefer not to say,,,,,,,1986-06-15,False
SID-00-000-000-000-000-219,IL,1,1,Ashley Reddy,Ashley,,Reddy,ashley.reddy219@example.com,+19265871018,2786 Main St,,,Chicago,21952,,2026-06-05 06:56:29,America/New_York,,Prefer not to say,,,,,,,2000-06-03,False
SID-00-000-000-000-000-220,NIG,11,1,Sanjay Shah,Sanjay,,Shah,sanjay.shah220@example.com,+17028912693,5591 Cedar St,,,Minna,96445,,2026-05-04 05:24:35,America/Chicago,,Female,,,,,,,1969-03-25,False
SID-00-000-000-000-000-221,JAM,16,1,Mark Martin,Mark,,Martin,mark.martin221@example.com,+16799857773,2255 Oak St,,,Jambi,10463,,2025-11-24 23:49:28,Asia/Kolkata,,Non-binary,,,,,,,1960-08-16,False
SID-00-000-000-000-000-222,EDO,11,1,Kenneth Patel,Kenneth,,Patel,kenneth.patel222@example.com,+13897840239,9950 Cedar St,,,Benin City,10861,,2025-10-30 06:37:42,America/Chicago,,Non-binary,,,,,,,1999-11-18,False
SID-00-000-000-000-000-223,WA-AU,5,2,Barbara Martinez,Barbara,,Martinez,barbara.martinez223@example.com,+19159695634,9984 Elm St,,,Perth,53399,,2025-07-08 20:22:02,America/New_York,,Male,,,,,,,1966-07-06,False
SID-00-000-000-000-000-224,CH,2,1,Amanda Zhang,Amanda,,Zhang,amanda.zhang224@example.com,+16150197976,9585 Elm St,,,Chandigarh City,14697,,2026-07-10 22:38:36,America/New_York,,Non-binary,,,,,,,1980-06-13,False
SID-00-000-000-000-000-225,OH,1,1,Yuki Sharma,Yuki,,Sharma,yuki.sharma225@example.com,+13178618666,8735 Park St,,,Cleveland,78766,,2025-07-11 09:30:08,America/Chicago,,Female,,,,,,,1999-01-04,False
SID-00-000-000-000-000-226,GWN,12,1,Steven Nguyen,Steven,,Nguyen,steven.nguyen226@example.com,+18909934970,5285 Elm St,,,Chuncheon,78864,,2026-07-03 19:59:50,Asia/Kolkata,,Non-binary,,,,,,,1968-10-19,False
SID-00-000-000-000-000-227,OGN,11,3,Emily Lopez,Emily,,Lopez,emily.lopez227@example.com,+12006789986,492 Park St,,,Abeokuta,91980,,2026-09-14 19:14:45,America/New_York,,Female,,,,,,,1999-07-14,False
SID-00-000-000-000-000-228,MS,1,1,Matthew Sharma,Matthew,,Sharma,matthew.sharma228@example.com,+13209577476,1211 Elm St,,,Jackson,49358,,2026-08-27 20:13:00,Asia/Kolkata,,Non-binary,,,,,,,1960-02-22,False
SID-00-000-000-000-000-229,JP17,8,1,Betty Nguyen,Betty,,Nguyen,betty.nguyen229@example.com,+15581252407,7949 Park St,,,Kanazawa,14660,,2026-03-30 19:01:53,Europe/London,,Female,,,,,,,1990-03-21,False
SID-00-000-000-000-000-230,PAC,10,1,Ashley Clark,Ashley,,Clark,ashley.clark230@example.com,+14912836638,9196 Cedar St,,,Marseille,12453,,2026-07-05 01:53:33,America/Chicago,,Non-binary,,,,,,,1982-02-05,False
SID-00-000-000-000-000-231,MT-BR,7,1,Lisa Harris,Lisa,,Harris,lisa.harris231@example.com,+17099753594,2014 Elm St,,,Cuiaba,51222,,2026-05-23 17:53:10,Europe/London,,Male,,,,,,,1977-07-03,False
SID-00-000-000-000-000-232,OGN,11,1,Nancy Lewis,Nancy,,Lewis,nancy.lewis232@example.com,+17902211453,712 Oak St,,,Abeokuta,22137,,2026-08-18 09:13:33,America/Los_Angeles,,Male,,,,,,,1990-09-05,False
SID-00-000-000-000-000-233,NB,4,1,Steven Nguyen,Steven,,Nguyen,steven.nguyen233@example.com,+15744348135,8556 Oak St,,,Fredericton,36894,,2026-09-11 16:19:49,Europe/London,,Male,,,,,,,1989-07-23,False
SID-00-000-000-000-000-234,KOG,11,1,James Martin,James,,Martin,james.martin234@example.com,+18300184027,855 Main St,,,Lokoja,78233,,2025-08-17 21:54:38,Europe/London,,Non-binary,,,,,,,1961-10-25,False
SID-00-000-000-000-000-235,JP06,8,1,Daniel Gonzalez,Daniel,,Gonzalez,daniel.gonzalez235@example.com,+14882455823,4567 Oak St,,,Yamagata,30643,,2025-09-27 09:17:34,America/Denver,,Male,,,,,,,1960-10-18,False
SID-00-000-000-000-000-236,BEN-NG,11,3,Susan Singh,Susan,,Singh,susan.singh236@example.com,+15453165900,9505 Oak St,,,Makurdi,32449,,2025-12-06 17:20:17,America/New_York,,Non-binary,,,,,,,1999-06-18,False
SID-00-000-000-000-000-237,COL,9,1,David Johnson,David,,Johnson,david.johnson237@example.com,+13831656441,3032 Cedar St,,,Colima,87693,,2026-02-21 21:03:06,Europe/London,,Prefer not to say,,,,,,,1999-06-10,False
SID-00-000-000-000-000-238,JP17,8,1,Anita Zhang,Anita,,Zhang,anita.zhang238@example.com,+14438636480,1622 Park St,,,Kanazawa,22748,,2026-09-06 17:05:59,America/Los_Angeles,,Non-binary,,,,,,,2003-11-23,False
SID-00-000-000-000-000-239,R08,18,1,Steven Anderson,Steven,,Anderson,steven.anderson239@example.com,+13561003053,3104 Elm St,,,Tacloban,52567,,2025-11-01 04:55:57,America/Los_Angeles,,Prefer not to say,,,,,,,1961-02-16,False
SID-00-000-000-000-000-240,WB,2,1,Steven Robinson,Steven,,Robinson,steven.robinson240@example.com,+16842120357,1786 Park St,,,Kolkata,24022,,2026-08-30 05:18:49,America/Denver,,Male,,,,,,,1979-09-15,False
SID-00-000-000-000-000-241,GUA,9,1,Jessica Chen,Jessica,,Chen,jessica.chen241@example.com,+17189343310,9782 Park St,,,Leon,67062,,2025-10-27 17:10:30,Asia/Kolkata,,Non-binary,,,,,,,1994-12-08,False
SID-00-000-000-000-000-242,WLS,3,1,Deepa Kim,Deepa,,Kim,deepa.kim242@example.com,+14384083537,7394 Oak St,,,Cardiff,50374,,2026-04-28 15:07:37,America/Los_Angeles,,Male,,,,,,,1998-02-22,False
SID-00-000-000-000-000-243,EMR,13,2,Daniel Patel,Daniel,,Patel,daniel.patel243@example.com,+19027136954,103 Oak St,,,Bologna,96623,,2026-05-10 21:03:05,America/Chicago,,Prefer not to say,,,,,,,1994-05-13,False
SID-00-000-000-000-000-244,TAA,13,3,Richard Wilson,Richard,,Wilson,richard.wilson244@example.com,+17603000143,7222 Elm St,,,Trento,21703,,2026-07-04 10:19:36,Asia/Kolkata,,Male,,,,,,,1999-09-13,False
SID-00-000-000-000-000-245,JH,2,2,Patricia White,Patricia,,White,patricia.white245@example.com,+13542943951,4723 Main St,,,Ranchi,40833,,2026-04-13 01:00:45,America/Los_Angeles,,Prefer not to say,,,,,,,2000-06-23,False
SID-00-000-000-000-000-246,JP42,8,1,Anthony Ramirez,Anthony,,Ramirez,anthony.ramirez246@example.com,+14385517516,6002 Park St,,,Nagasaki,30220,,2026-04-06 06:42:11,America/Denver,,Female,,,,,,,1968-01-03,False
SID-00-000-000-000-000-247,EXT,14,1,Elizabeth Nguyen,Elizabeth,,Nguyen,elizabeth.nguyen247@example.com,+19053379522,6913 Park St,,,Merida,89223,,2026-09-05 15:42:27,America/Los_Angeles,,Female,,,,,,,1989-09-14,False
SID-00-000-000-000-000-248,JIG,11,1,Anthony Thompson,Anthony,,Thompson,anthony.thompson248@example.com,+19931962288,3978 Cedar St,,,Dutse,45291,,2025-09-24 05:27:38,America/Los_Angeles,,Non-binary,,,,,,,1962-01-19,False
SID-00-000-000-000-000-249,KAN,11,1,Linda Reddy,Linda,,Reddy,linda.reddy249@example.com,+15345220398,7717 Cedar St,,,Kano,20254,,2026-03-20 22:05:09,Asia/Kolkata,,Male,,,,,,,1975-08-21,False
SID-00-000-000-000-000-250,NSN,17,3,Sunita Wang,Sunita,,Wang,sunita.wang250@example.com,+18592917655,276 Park St,,,Nakhon Si Thammarat,69511,,2026-03-07 18:19:39,Asia/Kolkata,,Prefer not to say,,,,,,,1996-12-11,False
SID-00-000-000-000-000-251,CHP,9,1,Ling Jackson,Ling,,Jackson,ling.jackson251@example.com,+17600941611,9335 Elm St,,,Tuxtla Gutierrez,18050,,2025-12-25 05:02:44,Europe/London,,Prefer not to say,,,,,,,1997-03-19,False
SID-00-000-000-000-000-252,NE-US,1,1,Ling Chen,Ling,,Chen,ling.chen252@example.com,+19951896809,4652 Elm St,,,Omaha,27372,,2025-06-22 09:31:05,Asia/Kolkata,,Non-binary,,,,,,,1977-05-01,False
SID-00-000-000-000-000-253,NSN,17,1,Kenneth Lopez,Kenneth,,Lopez,kenneth.lopez253@example.com,+12753334536,3969 Park St,,,Nakhon Si Thammarat,33699,,2026-04-27 23:09:42,Asia/Kolkata,,Male,,,,,,,1981-02-05,False
SID-00-000-000-000-000-254,VEN-IT,13,1,Yuki Patel,Yuki,,Patel,yuki.patel254@example.com,+19413109640,2840 Oak St,,,Venice,85727,,2026-07-06 13:49:24,Europe/London,,Non-binary,,,,,,,1963-11-09,False
SID-00-000-000-000-000-255,R02,18,1,Patricia Hernandez,Patricia,,Hernandez,patricia.hernandez255@example.com,+19526620305,8824 Oak St,,,Tuguegarao,59781,,2026-02-23 12:30:19,Europe/London,,Prefer not to say,,,,,,,1990-05-05,False
SID-00-000-000-000-000-256,YOB,11,3,James Jackson,James,,Jackson,james.jackson256@example.com,+19227898711,772 Main St,,,Damaturu,79637,,2026-08-03 14:24:43,Europe/London,,Non-binary,,,,,,,1987-10-21,False
SID-00-000-000-000-000-257,AM,7,1,Sarah Moore,Sarah,,Moore,sarah.moore257@example.com,+19615625602,4061 Cedar St,,,Manaus,35549,,2026-08-22 03:16:41,Asia/Kolkata,,Non-binary,,,,,,,2003-12-06,False
SID-00-000-000-000-000-258,JP07,8,1,Sunita Smith,Sunita,,Smith,sunita.smith258@example.com,+14944198153,5859 Oak St,,,Fukushima,47132,,2026-08-06 02:00:26,America/Denver,,Female,,,,,,,1962-01-20,False
SID-00-000-000-000-000-259,WV,1,1,Kenneth Zhang,Kenneth,,Zhang,kenneth.zhang259@example.com,+12515297776,2228 Park St,,,Charleston,96034,,2026-08-09 06:38:40,Europe/London,,Female,,,,,,,1967-12-06,False
SID-00-000-000-000-000-260,MG,7,1,Ashley Zhang,Ashley,,Zhang,ashley.zhang260@example.com,+19268035943,5398 Elm St,,,Belo Horizonte,31229,,2025-07-26 20:29:59,America/New_York,,Non-binary,,,,,,,1963-07-13,False
SID-00-000-000-000-000-261,JP17,8,1,Thomas Taylor,Thomas,,Taylor,thomas.taylor261@example.com,+13686352103,8161 Main St,,,Kanazawa,28857,,2025-10-29 14:04:31,Asia/Kolkata,,Prefer not to say,,,,,,,1973-10-21,False
SID-00-000-000-000-000-262,UP,2,1,Anita Taylor,Anita,,Taylor,anita.taylor262@example.com,+15338208207,407 Park St,,,Lucknow,29510,,2025-08-28 01:04:04,Europe/London,,Male,,,,,,,1962-11-13,False
SID-00-000-000-000-000-263,SC-BR,7,3,Vikram Perez,Vikram,,Perez,vikram.perez263@example.com,+14107452219,7244 Park St,,,Florianopolis,19188,,2026-02-01 18:00:32,Asia/Kolkata,,Female,,,,,,,1960-07-23,False
SID-00-000-000-000-000-264,MIM,18,1,Linda Gupta,Linda,,Gupta,linda.gupta264@example.com,+19010557099,1585 Elm St,,,Calapan,80074,,2026-03-21 11:21:43,America/Denver,,Male,,,,,,,1989-05-21,False
SID-00-000-000-000-000-265,NSW,5,1,Michelle Williams,Michelle,,Williams,michelle.williams265@example.com,+16753532440,5986 Park St,,,Sydney,21123,,2026-01-27 21:12:19,Europe/London,,Prefer not to say,,,,,,,1972-03-02,False
SID-00-000-000-000-000-266,NL-CA,4,1,Sanjay Reddy,Sanjay,,Reddy,sanjay.reddy266@example.com,+13321694065,8848 Park St,,,St Johns,12151,,2025-11-20 15:24:04,America/New_York,,Non-binary,,,,,,,1963-06-26,False
SID-00-000-000-000-000-267,KBI,17,3,Betty Davis,Betty,,Davis,betty.davis267@example.com,+14304513663,9592 Oak St,,,Krabi,19441,,2025-10-16 20:42:33,America/New_York,,Female,,,,,,,1991-11-01,False
SID-00-000-000-000-000-268,NOR,10,1,Jessica Tanaka,Jessica,,Tanaka,jessica.tanaka268@example.com,+17614971091,1694 Park St,,,Rouen,90114,,2026-06-08 04:00:11,America/Chicago,,Male,,,,,,,1966-02-16,False
SID-00-000-000-000-000-269,VEN-IT,13,1,John Gonzalez,John,,Gonzalez,john.gonzalez269@example.com,+13392578489,9536 Cedar St,,,Venice,28000,,2026-02-21 10:51:53,America/Denver,,Female,,,,,,,1962-10-06,False
SID-00-000-000-000-000-270,JP18,8,1,Linda Moore,Linda,,Moore,linda.moore270@example.com,+13884035554,9635 Main St,,,Fukui,27481,,2025-09-04 13:10:44,America/New_York,,Prefer not to say,,,,,,,1970-01-16,False
SID-00-000-000-000-000-271,TN-US,1,1,James Lopez,James,,Lopez,james.lopez271@example.com,+19273542271,7898 Oak St,,,Nashville,37021,,2025-09-10 22:41:37,America/Chicago,,Non-binary,,,,,,,1993-08-14,False
SID-00-000-000-000-000-272,SL,6,1,Amanda Tanaka,Amanda,,Tanaka,amanda.tanaka272@example.com,+16673015428,5034 Elm St,,,Saarbrucken,64891,,2025-07-21 19:11:45,America/New_York,,Female,,,,,,,1972-02-17,False
SID-00-000-000-000-000-273,WI,1,1,Sofia Singh,Sofia,,Singh,sofia.singh273@example.com,+13187243159,3273 Main St,,,Milwaukee,29558,,2026-03-27 07:29:49,Europe/London,,Prefer not to say,,,,,,,1991-03-06,False
SID-00-000-000-000-000-274,NW-ZA,15,1,Patricia Li,Patricia,,Li,patricia.li274@example.com,+19753075999,7524 Main St,,,Mahikeng,23686,,2025-12-20 09:13:27,Europe/London,,Male,,,,,,,1994-03-06,False
SID-00-000-000-000-000-275,IA,1,1,Andrew Davis,Andrew,,Davis,andrew.davis275@example.com,+13799875937,5436 Oak St,,,Des Moines,24435,,2025-08-13 07:46:28,America/Denver,,Female,,,,,,,1966-04-24,False
SID-00-000-000-000-000-276,SON,9,2,Anthony Anderson,Anthony,,Anderson,anthony.anderson276@example.com,+12622518030,7554 Oak St,,,Hermosillo,60768,,2025-07-11 15:37:31,America/Denver,,Female,,,,,,,1989-12-07,False
SID-00-000-000-000-000-277,VAL-ES,14,1,Sarah Gonzalez,Sarah,,Gonzalez,sarah.gonzalez277@example.com,+12586269483,7727 Park St,,,Valencia,64817,,2025-12-25 04:02:44,America/Chicago,,Non-binary,,,,,,,1974-05-20,False
SID-00-000-000-000-000-278,LA,2,1,Joshua Sharma,Joshua,,Sharma,joshua.sharma278@example.com,+19998084020,3646 Cedar St,,,Leh,72061,,2026-10-05 07:05:26,America/Los_Angeles,,Non-binary,,,,,,,1960-12-14,False
SID-00-000-000-000-000-279,NKI,17,1,Jessica Lee,Jessica,,Lee,jessica.lee279@example.com,+16934787286,9499 Main St,,,Nonthaburi,64758,,2026-03-09 18:14:57,America/New_York,,Male,,,,,,,1990-12-25,False
SID-00-000-000-000-000-280,BOR,11,2,Sandra Kumar,Sandra,,Kumar,sandra.kumar280@example.com,+13943220876,4040 Main St,,,Maiduguri,83202,,2026-02-01 15:51:51,America/New_York,,Prefer not to say,,,,,,,1973-03-12,False
SID-00-000-000-000-000-281,AC,7,1,Priya Garcia,Priya,,Garcia,priya.garcia281@example.com,+19979714718,9662 Main St,,,Rio Branco,69616,,2025-06-19 15:42:19,America/Los_Angeles,,Female,,,,,,,2005-07-06,False
SID-00-000-000-000-000-282,JP36,8,1,Anita Wang,Anita,,Wang,anita.wang282@example.com,+14280285467,4959 Park St,,,Tokushima,45361,,2025-07-28 20:04:24,Europe/London,,Female,,,,,,,2003-02-20,False
SID-00-000-000-000-000-283,JP18,8,1,Andrew Liu,Andrew,,Liu,andrew.liu283@example.com,+12175553937,6103 Oak St,,,Fukui,94957,,2025-12-27 01:07:24,Asia/Kolkata,,Male,,,,,,,1995-12-25,False
SID-00-000-000-000-000-284,VIC,5,3,Lisa Thomas,Lisa,,Thomas,lisa.thomas284@example.com,+18786561071,3537 Oak St,,,Melbourne,52003,,2026-04-20 03:41:30,America/Denver,,Non-binary,,,,,,,1992-11-14,False
SID-00-000-000-000-000-285,PB-BR,7,2,John White,John,,White,john.white285@example.com,+18314305659,8814 Cedar St,,,Joao Pessoa,48307,,2025-12-27 14:31:32,America/Los_Angeles,,Non-binary,,,,,,,2003-12-26,False
SID-00-000-000-000-000-286,ND,1,3,Ashley Garcia,Ashley,,Garcia,ashley.garcia286@example.com,+12330486187,2799 Elm St,,,Fargo,24683,,2025-07-30 12:57:11,Europe/London,,Female,,,,,,,1991-03-28,False
SID-00-000-000-000-000-287,VIC,5,1,Christopher Clark,Christopher,,Clark,christopher.clark287@example.com,+18201331704,451 Elm St,,,Melbourne,34780,,2026-06-15 17:59:08,America/New_York,,Male,,,,,,,1974-09-21,False
SID-00-000-000-000-000-288,JP18,8,1,Carol Perez,Carol,,Perez,carol.perez288@example.com,+19287973570,9086 Park St,,,Fukui,70031,,2026-06-02 20:50:20,America/Denver,,Female,,,,,,,1979-03-26,False
SID-00-000-000-000-000-289,PE-BR,7,1,Steven White,Steven,,White,steven.white289@example.com,+17009491238,2734 Cedar St,,,Recife,47387,,2025-11-13 01:09:22,America/Chicago,,Female,,,,,,,2005-12-22,False
SID-00-000-000-000-000-290,SK,2,1,Jessica Davis,Jessica,,Davis,jessica.davis290@example.com,+12792406808,9315 Main St,,,Gangtok,97235,,2025-07-20 10:36:08,America/Denver,,Non-binary,,,,,,,1969-06-15,False
SID-00-000-000-000-000-291,OND,11,1,Paul Martin,Paul,,Martin,paul.martin291@example.com,+16070722980,5346 Oak St,,,Akure,10562,,2025-09-02 00:25:59,Europe/London,,Non-binary,,,,,,,2001-12-10,False
SID-00-000-000-000-000-292,GES,10,3,Wei Gupta,Wei,,Gupta,wei.gupta292@example.com,+13898828806,1940 Park St,,,Strasbourg,15253,,2026-06-23 04:51:36,America/Chicago,,Male,,,,,,,1979-01-13,False
SID-00-000-000-000-000-293,UMB,13,1,Donald Thompson,Donald,,Thompson,donald.thompson293@example.com,+14261016130,4653 Oak St,,,Perugia,12955,,2025-08-28 10:03:38,America/New_York,,Prefer not to say,,,,,,,2003-11-03,False
SID-00-000-000-000-000-294,KWA,11,1,Richard Patel,Richard,,Patel,richard.patel294@example.com,+14863739834,6613 Oak St,,,Ilorin,66051,,2026-01-09 19:38:32,America/Denver,,Prefer not to say,,,,,,,1983-01-10,False
SID-00-000-000-000-000-295,JP23,8,2,Karen Lewis,Karen,,Lewis,karen.lewis295@example.com,+19479804402,6909 Park St,,,Nagoya,47831,,2026-10-07 17:05:13,America/Chicago,,Prefer not to say,,,,,,,1986-03-27,False
SID-00-000-000-000-000-296,LOM,13,1,Elizabeth Wilson,Elizabeth,,Wilson,elizabeth.wilson296@example.com,+15247485135,1549 Main St,,,Milan,63668,,2025-11-24 15:55:33,Europe/London,,Non-binary,,,,,,,1986-03-18,False
SID-00-000-000-000-000-297,OCC,10,1,Richard Lopez,Richard,,Lopez,richard.lopez297@example.com,+15548709440,9688 Elm St,,,Toulouse,74762,,2026-09-01 12:18:35,Asia/Kolkata,,Prefer not to say,,,,,,,1974-01-26,False
SID-00-000-000-000-000-298,AK,1,1,Thomas Martin,Thomas,,Martin,thomas.martin298@example.com,+13235614989,3038 Park St,,,Anchorage,94513,,2026-06-04 20:30:07,America/Chicago,,Male,,,,,,,1967-05-16,False
SID-00-000-000-000-000-299,OH,1,1,Carol Walker,Carol,,Walker,carol.walker299@example.com,+15514489277,6214 Cedar St,,,Cleveland,85400,,2026-04-26 13:55:16,America/New_York,,Non-binary,,,,,,,1970-10-02,False
SID-00-000-000-000-000-300,NL,2,1,Ashley Tanaka,Ashley,,Tanaka,ashley.tanaka300@example.com,+19027627928,5932 Main St,,,Kohima,47992,,2025-08-26 11:10:03,America/Denver,,Male,,,,,,,1992-04-25,False
SID-00-000-000-000-000-301,CAT-ES,14,1,Wei Miller,Wei,,Miller,wei.miller301@example.com,+19924192684,5032 Elm St,,,Barcelona,99842,,2026-05-28 05:34:20,Europe/London,,Non-binary,,,,,,,1966-09-19,False
SID-00-000-000-000-000-302,JP27,8,1,James Rodriguez,James,,Rodriguez,james.rodriguez302@example.com,+12700204852,3669 Oak St,,,Osaka,75979,,2026-03-24 09:23:49,America/Chicago,,Female,,,,,,,1995-10-23,False
SID-00-000-000-000-000-303,BAU,11,1,Mark Robinson,Mark,,Robinson,mark.robinson303@example.com,+13495550190,6040 Oak St,,,Bauchi,67925,,2025-09-07 03:52:08,Asia/Kolkata,,Non-binary,,,,,,,1971-12-10,False
SID-00-000-000-000-000-304,IA,1,1,Joseph Rodriguez,Joseph,,Rodriguez,joseph.rodriguez304@example.com,+12901260260,1387 Park St,,,Des Moines,24643,,2026-08-27 22:09:44,America/New_York,,Male,,,,,,,1990-07-02,False
SID-00-000-000-000-000-305,NT,4,3,Robert Zhang,Robert,,Zhang,robert.zhang305@example.com,+12185892639,5042 Main St,,,Yellowknife,22648,,2026-02-25 18:03:30,America/New_York,,Female,,,,,,,1997-04-06,False
SID-00-000-000-000-000-306,NW-ZA,15,1,Mary Garcia,Mary,,Garcia,mary.garcia306@example.com,+19967757386,4062 Cedar St,,,Mahikeng,84741,,2025-09-05 23:17:37,America/New_York,,Male,,,,,,,1997-01-17,False
SID-00-000-000-000-000-307,BW,6,3,Christopher Hernandez,Christopher,,Hernandez,christopher.hernandez307@example.com,+19951259256,7877 Elm St,,,Stuttgart,87251,,2026-06-28 17:00:46,America/Chicago,,Prefer not to say,,,,,,,2003-02-06,False
SID-00-000-000-000-000-308,JP28,8,3,Sandra Wilson,Sandra,,Wilson,sandra.wilson308@example.com,+12530924113,1907 Cedar St,,,Kobe,27814,,2026-04-08 07:26:07,America/Los_Angeles,,Non-binary,,,,,,,2005-05-18,False
SID-00-000-000-000-000-309,KBI,17,1,Jennifer Lee,Jennifer,,Lee,jennifer.lee309@example.com,+17635026781,7373 Oak St,,,Krabi,82602,,2026-03-09 03:24:18,America/Los_Angeles,,Non-binary,,,,,,,1987-04-28,False
SID-00-000-000-000-000-310,OK,1,1,Sunita White,Sunita,,White,sunita.white310@example.com,+18176413586,1492 Main St,,,Oklahoma City,28791,,2025-10-13 00:43:31,America/Los_Angeles,,Prefer not to say,,,,,,,2004-10-04,False
SID-00-000-000-000-000-311,NSN,17,3,John White,John,,White,john.white311@example.com,+12527259496,7058 Park St,,,Nakhon Si Thammarat,46505,,2025-11-03 10:12:38,Europe/London,,Non-binary,,,,,,,2001-07-12,False
SID-00-000-000-000-000-312,BFC,10,1,Emily Shah,Emily,,Shah,emily.shah312@example.com,+14101705225,3881 Oak St,,,Dijon,13895,,2025-10-27 04:49:29,America/New_York,,Male,,,,,,,1964-08-22,False
SID-00-000-000-000-000-313,IN-US,1,1,Anthony Nair,Anthony,,Nair,anthony.nair313@example.com,+15264911503,8618 Park St,,,Indianapolis,71082,,2026-06-22 10:09:19,America/Chicago,,Non-binary,,,,,,,2002-08-16,False
SID-00-000-000-000-000-314,BOR,11,1,Paul Perez,Paul,,Perez,paul.perez314@example.com,+16255073780,2051 Park St,,,Maiduguri,68997,,2026-09-18 17:34:01,America/Denver,,Prefer not to say,,,,,,,1988-08-02,False
SID-00-000-000-000-000-315,KY,1,1,Michelle Zhang,Michelle,,Zhang,michelle.zhang315@example.com,+12577622607,6474 Park St,,,Louisville,24336,,2026-08-25 09:56:45,Asia/Kolkata,,Prefer not to say,,,,,,,2002-09-22,False
SID-00-000-000-000-000-316,OND,11,1,Steven Sharma,Steven,,Sharma,steven.sharma316@example.com,+18833486727,6289 Cedar St,,,Akure,98668,,2026-09-06 05:32:03,America/Denver,,Non-binary,,,,,,,1980-01-01,False
SID-00-000-000-000-000-317,CAP,13,2,David White,David,,White,david.white317@example.com,+13465685609,1694 Park St,,,Naples,55238,,2026-01-13 23:37:01,America/Denver,,Prefer not to say,,,,,,,1982-01-22,False
SID-00-000-000-000-000-318,SH,6,1,Jessica Li,Jessica,,Li,jessica.li318@example.com,+13309589038,5631 Oak St,,,Kiel,12583,,2025-12-21 18:05:58,Asia/Kolkata,,Non-binary,,,,,,,1962-08-22,False
SID-00-000-000-000-000-319,GRO,9,1,Sarah Johnson,Sarah,,Johnson,sarah.johnson319@example.com,+13676329121,9480 Main St,,,Acapulco,74010,,2026-06-12 15:37:01,America/New_York,,Female,,,,,,,1981-08-17,False
SID-00-000-000-000-000-320,R07,18,1,William Chen,William,,Chen,william.chen320@example.com,+16618469299,8879 Oak St,,,Cebu City,47664,,2025-12-02 11:27:12,America/Denver,,Male,,,,,,,1979-10-13,False
SID-00-000-000-000-000-321,HB,6,1,Anita Reddy,Anita,,Reddy,anita.reddy321@example.com,+14280901028,7097 Oak St,,,Bremen,55523,,2025-07-23 18:21:17,America/New_York,,Non-binary,,,,,,,1992-05-14,False
SID-00-000-000-000-000-322,WC,15,1,Richard Clark,Richard,,Clark,richard.clark322@example.com,+14351762983,404 Cedar St,,,Cape Town,34450,,2026-01-21 08:39:32,Asia/Kolkata,,Prefer not to say,,,,,,,1973-11-27,False
SID-00-000-000-000-000-323,PTN,17,1,Sarah Wang,Sarah,,Wang,sarah.wang323@example.com,+18726418899,1081 Cedar St,,,Pathum Thani,36299,,2026-04-27 19:54:49,America/Denver,,Prefer not to say,,,,,,,1969-04-05,False
SID-00-000-000-000-000-324,SBR,17,1,Carlos Ramirez,Carlos,,Ramirez,carlos.ramirez324@example.com,+17169242410,6857 Elm St,,,Saraburi,47623,,2026-02-24 10:55:53,Europe/London,,Female,,,,,,,1976-11-20,False
SID-00-000-000-000-000-325,NW,6,2,Jessica Davis,Jessica,,Davis,jessica.davis325@example.com,+13993550742,9272 Park St,,,Cologne,65314,,2025-10-06 06:01:15,Europe/London,,Male,,,,,,,1972-03-09,False
SID-00-000-000-000-000-326,UK,2,1,Thomas Moore,Thomas,,Moore,thomas.moore326@example.com,+15103002206,426 Main St,,,Dehradun,21000,,2026-06-27 17:11:41,America/Denver,,Non-binary,,,,,,,1964-07-12,False
SID-00-000-000-000-000-327,NW-ZA,15,1,Betty Nguyen,Betty,,Nguyen,betty.nguyen327@example.com,+16006927241,8651 Cedar St,,,Mahikeng,78846,,2026-09-11 04:15:07,America/Denver,,Prefer not to say,,,,,,,1965-04-20,False
SID-00-000-000-000-000-328,BR,2,1,Lisa Reddy,Lisa,,Reddy,lisa.reddy328@example.com,+13816208531,2463 Main St,,,Patna,32957,,2026-07-30 12:51:47,America/Chicago,,Non-binary,,,,,,,1988-07-09,False
SID-00-000-000-000-000-329,LAZ,13,1,Emily Singh,Emily,,Singh,emily.singh329@example.com,+14932339303,4650 Oak St,,,Rome,57578,,2026-01-12 22:07:20,America/Los_Angeles,,Non-binary,,,,,,,1979-01-21,False
SID-00-000-000-000-000-330,SAR,13,1,Yuki Zhang,Yuki,,Zhang,yuki.zhang330@example.com,+17381520572,6402 Elm St,,,Cagliari,93748,,2026-09-03 01:44:58,Europe/London,,Non-binary,,,,,,,2003-02-18,False
SID-00-000-000-000-000-331,RP,6,2,Anthony Smith,Anthony,,Smith,anthony.smith331@example.com,+13011294963,3546 Oak St,,,Mainz,67520,,2026-02-16 08:19:05,Europe/London,,Non-binary,,,,,,,2001-07-26,False
SID-00-000-000-000-000-332,LA-US,1,3,Sofia Garcia,Sofia,,Garcia,sofia.garcia332@example.com,+17723998309,7020 Main St,,,New Orleans,31016,,2026-08-22 15:30:47,Europe/London,,Non-binary,,,,,,,1992-02-12,False
SID-00-000-000-000-000-333,CHP,9,1,Ashley Tanaka,Ashley,,Tanaka,ashley.tanaka333@example.com,+19692369400,2329 Main St,,,Tuxtla Gutierrez,62515,,2025-06-26 01:41:41,America/Chicago,,Non-binary,,,,,,,1980-10-03,False
SID-00-000-000-000-000-334,GJ,2,1,Jessica Kumar,Jessica,,Kumar,jessica.kumar334@example.com,+18057261952,5333 Park St,,,Ahmedabad,72700,,2026-07-25 20:48:08,Europe/London,,Female,,,,,,,1976-03-22,False
SID-00-000-000-000-000-335,SIC,13,1,Ling Jackson,Ling,,Jackson,ling.jackson335@example.com,+17915544468,9445 Oak St,,,Palermo,12717,,2025-09-21 02:26:23,America/New_York,,Female,,,,,,,1965-08-07,False
SID-00-000-000-000-000-336,CE,7,1,Patricia Sanchez,Patricia,,Sanchez,patricia.sanchez336@example.com,+13580205025,9393 Main St,,,Fortaleza,11850,,2026-04-22 13:38:16,Europe/London,,Prefer not to say,,,,,,,1989-11-16,False
SID-00-000-000-000-000-337,AP,2,1,Anita Wilson,Anita,,Wilson,anita.wilson337@example.com,+18147423579,3485 Cedar St,,,Visakhapatnam,38254,,2025-10-07 08:18:47,America/Denver,,Female,,,,,,,1986-03-14,False
SID-00-000-000-000-000-338,NL,2,1,Christopher Taylor,Christopher,,Taylor,christopher.taylor338@example.com,+19233872044,7606 Main St,,,Kohima,11352,,2025-10-14 19:28:58,America/Los_Angeles,,Female,,,,,,,1980-12-13,False
SID-00-000-000-000-000-339,YOG,16,1,Anita Harris,Anita,,Harris,anita.harris339@example.com,+14392296673,953 Elm St,,,Yogyakarta,40781,,2026-06-14 13:47:38,America/Los_Angeles,,Non-binary,,,,,,,1998-11-26,False
SID-00-000-000-000-000-340,PIE,13,1,James Taylor,James,,Taylor,james.taylor340@example.com,+16862926257,9267 Main St,,,Turin,86085,,2026-03-11 19:24:19,America/Chicago,,Non-binary,,,,,,,1970-09-16,False
SID-00-000-000-000-000-341,JP20,8,1,David Garcia,David,,Garcia,david.garcia341@example.com,+13345482726,2195 Park St,,,Nagano,46831,,2025-11-19 22:33:27,Europe/London,,Non-binary,,,,,,,1987-05-09,False
SID-00-000-000-000-000-342,ABR,13,1,Donna Lee,Donna,,Lee,donna.lee342@example.com,+16944644437,7308 Main St,,,LAquila,34762,,2026-02-10 05:20:47,America/Chicago,,Male,,,,,,,1974-03-02,False
SID-00-000-000-000-000-343,BRE,10,1,William Kim,William,,Kim,william.kim343@example.com,+13896312622,9289 Park St,,,Rennes,69999,,2026-03-26 13:07:57,America/Los_Angeles,,Male,,,,,,,1969-02-12,False
SID-00-000-000-000-000-344,WV,1,1,Sofia Jackson,Sofia,,Jackson,sofia.jackson344@example.com,+14515465308,9660 Main St,,,Charleston,78945,,2025-10-23 05:47:32,Asia/Kolkata,,Female,,,,,,,1986-02-08,False
SID-00-000-000-000-000-345,R09,18,3,Sunita Miller,Sunita,,Miller,sunita.miller345@example.com,+12523947112,6220 Cedar St,,,Zamboanga,23902,,2026-10-11 10:01:18,America/Denver,,Female,,,,,,,1961-02-15,False
SID-00-000-000-000-000-346,PAP,16,3,Ashley Wang,Ashley,,Wang,ashley.wang346@example.com,+19113207817,7523 Elm St,,,Jayapura,84600,,2025-11-06 19:42:00,America/Chicago,,Female,,,,,,,1963-11-10,False
SID-00-000-000-000-000-347,JP12,8,1,Deepa Jones,Deepa,,Jones,deepa.jones347@example.com,+17326103587,6635 Main St,,,Chiba,12688,,2026-04-02 19:24:05,America/Chicago,,Female,,,,,,,1984-07-10,False
SID-00-000-000-000-000-348,EXT,14,1,Linda Martin,Linda,,Martin,linda.martin348@example.com,+19236856422,2251 Elm St,,,Merida,97231,,2026-04-06 13:47:51,America/New_York,,Non-binary,,,,,,,1992-04-16,False
SID-00-000-000-000-000-349,CAM,9,1,Steven Moore,Steven,,Moore,steven.moore349@example.com,+17876529012,3153 Park St,,,Campeche,92665,,2026-05-03 19:27:05,America/Los_Angeles,,Male,,,,,,,1962-09-11,False
SID-00-000-000-000-000-350,HDF,10,1,Priya Liu,Priya,,Liu,priya.liu350@example.com,+14253473926,4862 Park St,,,Lille,67325,,2026-07-04 04:59:31,America/New_York,,Prefer not to say,,,,,,,1979-03-05,False
SID-00-000-000-000-000-351,BTN,16,1,Yuki Thomas,Yuki,,Thomas,yuki.thomas351@example.com,+15939782161,8511 Main St,,,Serang,76932,,2026-02-26 13:18:36,America/Los_Angeles,,Prefer not to say,,,,,,,1966-08-22,False
SID-00-000-000-000-000-352,NMA,17,1,Matthew Taylor,Matthew,,Taylor,matthew.taylor352@example.com,+14841457265,3041 Oak St,,,Nakhon Ratchasima,61505,,2026-03-28 02:49:32,America/New_York,,Male,,,,,,,1986-12-10,False
SID-00-000-000-000-000-353,JP07,8,3,Wei Zhang,Wei,,Zhang,wei.zhang353@example.com,+12803982387,3132 Main St,,,Fukushima,89174,,2026-02-07 19:51:16,America/Denver,,Male,,,,,,,1987-09-01,False
SID-00-000-000-000-000-354,AZ,1,1,Linda Smith,Linda,,Smith,linda.smith354@example.com,+19119840703,9961 Park St,,,Tucson,49688,,2025-10-10 20:30:29,Asia/Kolkata,,Non-binary,,,,,,,2004-11-23,False
SID-00-000-000-000-000-355,NC-ZA,15,1,Ling Martin,Ling,,Martin,ling.martin355@example.com,+16363193909,3183 Main St,,,Kimberley,37424,,2025-07-27 04:08:00,America/Los_Angeles,,Female,,,,,,,2001-04-14,False
SID-00-000-000-000-000-356,MAD-ES,14,1,Jennifer Martin,Jennifer,,Martin,jennifer.martin356@example.com,+17008384945,2597 Park St,,,Madrid,73576,,2026-07-27 14:09:30,America/Los_Angeles,,Male,,,,,,,1988-10-08,False
SID-00-000-000-000-000-357,NSW,5,2,Joshua Sanchez,Joshua,,Sanchez,joshua.sanchez357@example.com,+18149482408,6910 Park St,,,Sydney,85846,,2025-08-06 10:00:06,Asia/Kolkata,,Non-binary,,,,,,,1962-08-13,False
SID-00-000-000-000-000-358,RIV,11,1,Joseph Kim,Joseph,,Kim,joseph.kim358@example.com,+12272775822,6934 Park St,,,Port Harcourt,25327,,2025-08-07 16:01:27,America/Los_Angeles,,Non-binary,,,,,,,1988-12-14,False
SID-00-000-000-000-000-359,HI,1,1,Christopher Nguyen,Christopher,,Nguyen,christopher.nguyen359@example.com,+18818942233,5656 Cedar St,,,Honolulu,96108,,2025-09-21 15:22:28,America/Los_Angeles,,Female,,,,,,,1978-12-23,False
SID-00-000-000-000-000-360,JP46,8,1,Yuki Liu,Yuki,,Liu,yuki.liu360@example.com,+15627234243,3494 Elm St,,,Kagoshima,21297,,2026-05-31 23:23:50,Europe/London,,Prefer not to say,,,,,,,1968-03-07,False
SID-00-000-000-000-000-361,LA,2,1,Michael Clark,Michael,,Clark,michael.clark361@example.com,+12077870311,4373 Elm St,,,Leh,98726,,2026-03-15 09:15:13,America/Chicago,,Female,,,,,,,1992-01-26,False
SID-00-000-000-000-000-362,NC,1,1,Sandra Davis,Sandra,,Davis,sandra.davis362@example.com,+16267749342,5920 Main St,,,Raleigh,83010,,2026-04-27 07:07:35,America/Denver,,Female,,,,,,,2004-09-20,False
SID-00-000-000-000-000-363,MP-ZA,15,3,Anita Brown,Anita,,Brown,anita.brown363@example.com,+19652138767,1769 Cedar St,,,Mbombela,15501,,2026-01-18 14:53:48,Asia/Kolkata,,Male,,,,,,,1970-11-04,False
SID-00-000-000-000-000-364,QLD,5,1,William Nguyen,William,,Nguyen,william.nguyen364@example.com,+15738737735,2627 Elm St,,,Brisbane,53857,,2025-11-29 22:28:48,America/Chicago,,Male,,,,,,,1972-08-14,False
SID-00-000-000-000-000-365,R09,18,1,Jessica Walker,Jessica,,Walker,jessica.walker365@example.com,+19366726797,6899 Elm St,,,Zamboanga,92502,,2025-11-27 09:32:10,Europe/London,,Female,,,,,,,1969-09-14,False
SID-00-000-000-000-000-366,HH,6,2,Ling Ramirez,Ling,,Ramirez,ling.ramirez366@example.com,+19707779846,6027 Main St,,,Hamburg,68009,,2026-02-27 13:57:29,America/Chicago,,Male,,,,,,,2005-09-03,False
SID-00-000-000-000-000-367,UT,1,1,Daniel Sanchez,Daniel,,Sanchez,daniel.sanchez367@example.com,+19130402355,2573 Cedar St,,,Salt Lake City,17577,,2026-07-26 05:27:03,Europe/London,,Non-binary,,,,,,,1986-07-22,False
SID-00-000-000-000-000-368,NTB,16,1,Sanjay Lee,Sanjay,,Lee,sanjay.lee368@example.com,+15953305212,6718 Park St,,,Mataram,94394,,2026-01-20 00:52:17,America/Chicago,,Prefer not to say,,,,,,,2004-06-26,False
SID-00-000-000-000-000-369,BAL,14,1,Mei Gonzalez,Mei,,Gonzalez,mei.gonzalez369@example.com,+19409242423,2164 Cedar St,,,Palma,80882,,2026-09-29 09:05:02,America/Denver,,Female,,,,,,,1965-09-18,False
SID-00-000-000-000-000-370,JP06,8,1,Wei Wang,Wei,,Wang,wei.wang370@example.com,+13111065867,5079 Park St,,,Yamagata,76227,,2025-10-10 00:01:56,America/New_York,,Male,,,,,,,1983-05-21,False
SID-00-000-000-000-000-371,ABJ,11,1,Linda Brown,Linda,,Brown,linda.brown371@example.com,+12022391377,5653 Oak St,,,Umuahia,86230,,2026-07-12 20:07:28,Asia/Kolkata,,Female,,,,,,,1982-05-10,False
SID-00-000-000-000-000-372,LP,15,1,Anita Harris,Anita,,Harris,anita.harris372@example.com,+17121985846,6019 Park St,,,Polokwane,22843,,2026-03-14 23:15:06,America/Chicago,,Prefer not to say,,,,,,,1986-02-03,False
SID-00-000-000-000-000-373,NY,1,1,David Walker,David,,Walker,david.walker373@example.com,+18821436524,8602 Park St,,,Buffalo,44562,,2025-10-31 14:04:23,Asia/Kolkata,,Prefer not to say,,,,,,,2000-07-15,False
SID-00-000-000-000-000-374,BLI,16,1,Sanjay Clark,Sanjay,,Clark,sanjay.clark374@example.com,+13965861527,8508 Cedar St,,,Denpasar,25474,,2026-08-04 05:09:32,Europe/London,,Female,,,,,,,1989-08-02,False
SID-00-000-000-000-000-375,SBR,17,1,Michelle White,Michelle,,White,michelle.white375@example.com,+14455710918,759 Cedar St,,,Saraburi,30093,,2025-08-07 19:54:26,America/New_York,,Non-binary,,,,,,,1979-06-10,False
SID-00-000-000-000-000-376,TO,7,2,Mary Martinez,Mary,,Martinez,mary.martinez376@example.com,+15818471645,3632 Oak St,,,Palmas,74067,,2025-10-10 18:26:03,America/New_York,,Male,,,,,,,1995-06-03,False
SID-00-000-000-000-000-377,MN,1,1,Steven Gupta,Steven,,Gupta,steven.gupta377@example.com,+18336054063,2275 Oak St,,,Minneapolis,76160,,2025-11-27 18:28:57,Europe/London,,Prefer not to say,,,,,,,1988-11-15,False
SID-00-000-000-000-000-378,AR-IN,2,3,Jennifer Chen,Jennifer,,Chen,jennifer.chen378@example.com,+17750952101,850 Park St,,,Itanagar,46356,,2026-05-21 19:26:24,Europe/London,,Male,,,,,,,1970-12-01,False
SID-00-000-000-000-000-379,GWN,12,3,Michelle Li,Michelle,,Li,michelle.li379@example.com,+18622128025,966 Cedar St,,,Chuncheon,78387,,2025-08-15 20:35:05,America/Chicago,,Prefer not to say,,,,,,,1992-01-04,False
SID-00-000-000-000-000-380,GP,15,2,Mary Moore,Mary,,Moore,mary.moore380@example.com,+14489160101,1486 Cedar St,,,Johannesburg,89541,,2026-08-22 06:15:53,America/Denver,,Prefer not to say,,,,,,,1997-01-16,False
SID-00-000-000-000-000-381,ID-US,1,1,Sandra Lopez,Sandra,,Lopez,sandra.lopez381@example.com,+12390949767,1727 Cedar St,,,Boise,32040,,2026-01-19 00:55:33,America/Denver,,Female,,,,,,,1971-05-25,False
SID-00-000-000-000-000-382,VA,1,1,Karen Clark,Karen,,Clark,karen.clark382@example.com,+15063602860,4982 Park St,,,Richmond,22942,,2026-06-03 05:03:39,America/Denver,,Female,,,,,,,1986-06-09,False
SID-00-000-000-000-000-383,JP39,8,1,Patricia Gonzalez,Patricia,,Gonzalez,patricia.gonzalez383@example.com,+14166472785,1985 Elm St,,,Kochi,17947,,2025-11-01 19:37:15,America/Denver,,Prefer not to say,,,,,,,1995-07-03,False
SID-00-000-000-000-000-384,KAN,11,1,Mark Wang,Mark,,Wang,mark.wang384@example.com,+17352886859,9188 Oak St,,,Kano,49926,,2025-11-04 00:17:35,Asia/Kolkata,,Prefer not to say,,,,,,,1988-02-28,False
SID-00-000-000-000-000-385,CYL,14,1,Jun Martinez,Jun,,Martinez,jun.martinez385@example.com,+18114970231,9195 Park St,,,Valladolid,15477,,2025-12-24 17:10:50,America/New_York,,Prefer not to say,,,,,,,1999-05-21,False
SID-00-000-000-000-000-386,LD,2,1,Patricia Walker,Patricia,,Walker,patricia.walker386@example.com,+17804295757,3585 Cedar St,,,Kavaratti,76889,,2025-11-30 19:16:53,America/Denver,,Male,,,,,,,1970-12-18,False
SID-00-000-000-000-000-387,GWJ,12,1,Karen Garcia,Karen,,Garcia,karen.garcia387@example.com,+16289904609,7177 Oak St,,,Gwangju,90012,,2025-12-28 22:07:53,Asia/Kolkata,,Non-binary,,,,,,,2003-06-21,False
SID-00-000-000-000-000-388,PE-BR,7,3,Sarah Thomas,Sarah,,Thomas,sarah.thomas388@example.com,+13410713142,2290 Main St,,,Recife,89794,,2026-06-04 10:21:13,America/Los_Angeles,,Male,,,,,,,1960-11-06,False
SID-00-000-000-000-000-389,SON,9,1,Wei Sanchez,Wei,,Sanchez,wei.sanchez389@example.com,+14313481256,7393 Main St,,,Hermosillo,56267,,2026-04-13 02:50:56,America/Los_Angeles,,Non-binary,,,,,,,1984-03-27,False
SID-00-000-000-000-000-390,R09,18,1,Linda Robinson,Linda,,Robinson,linda.robinson390@example.com,+15257393394,5962 Oak St,,,Zamboanga,21792,,2025-12-21 06:28:00,Asia/Kolkata,,Non-binary,,,,,,,2005-04-08,False
SID-00-000-000-000-000-391,ANM,11,1,Robert Moore,Robert,,Moore,robert.moore391@example.com,+14742062207,1917 Elm St,,,Awka,84593,,2026-02-21 22:45:38,Asia/Kolkata,,Prefer not to say,,,,,,,1970-09-07,False
SID-00-000-000-000-000-392,GP,15,3,John Reddy,John,,Reddy,john.reddy392@example.com,+15674254156,8670 Elm St,,,Johannesburg,35146,,2025-08-21 23:04:08,Europe/London,,Male,,,,,,,2004-11-18,False
SID-00-000-000-000-000-393,FVG,13,1,Sunita Sharma,Sunita,,Sharma,sunita.sharma393@example.com,+14791857792,5392 Park St,,,Trieste,63330,,2026-10-07 14:00:27,America/Denver,,Male,,,,,,,2003-09-15,False
SID-00-000-000-000-000-394,DEL-NG,11,3,Donna Williams,Donna,,Williams,donna.williams394@example.com,+14286684757,5281 Main St,,,Asaba,61361,,2026-09-13 23:14:03,America/Chicago,,Non-binary,,,,,,,1965-10-26,False
SID-00-000-000-000-000-395,IL,1,1,Vikram Ramirez,Vikram,,Ramirez,vikram.ramirez395@example.com,+18983594013,1684 Main St,,,Chicago,72910,,2025-07-30 07:12:10,America/Los_Angeles,,Male,,,,,,,1997-11-11,False
SID-00-000-000-000-000-396,RJ-BR,7,1,Michael Walker,Michael,,Walker,michael.walker396@example.com,+15410681286,1294 Cedar St,,,Rio de Janeiro,91207,,2025-11-22 10:53:03,America/Los_Angeles,,Male,,,,,,,2000-08-19,False
SID-00-000-000-000-000-397,PB,2,1,Patricia Williams,Patricia,,Williams,patricia.williams397@example.com,+12547762075,7340 Main St,,,Chandigarh,49514,,2026-01-24 10:56:54,Asia/Kolkata,,Prefer not to say,,,,,,,1964-02-22,False
SID-00-000-000-000-000-398,NH,1,1,Christopher Harris,Christopher,,Harris,christopher.harris398@example.com,+18870125978,273 Park St,,,Manchester,60321,,2026-01-18 03:39:48,America/Los_Angeles,,Prefer not to say,,,,,,,1999-10-04,False
SID-00-000-000-000-000-399,JP20,8,1,Ashley Kumar,Ashley,,Kumar,ashley.kumar399@example.com,+15063597598,9813 Oak St,,,Nagano,85132,,2025-11-22 18:12:06,America/Chicago,,Non-binary,,,,,,,1982-07-16,False
SID-00-000-000-000-000-400,PKT,17,1,Barbara Thomas,Barbara,,Thomas,barbara.thomas400@example.com,+18498825537,5961 Elm St,,,Phuket,86502,,2025-08-29 01:03:08,Asia/Kolkata,,Female,,,,,,,1969-08-10,False
