city_id,state_id,city_name,lattitude,longitude,last_updated_at
1,1,Richmond,37.5407,-77.436,2024-03-22 02:18:53
2,1,Norfolk,36.8508,-76.2859,2025-01-06 03:12:45
3,1,Arlington,38.8799,-77.1068,2024-03-12 10:42:14
4,1,Alexandria,38.8048,-77.0469,2024-10-23 11:54:14
5,1,West Alexandriaford,38.805693,-77.043806,2024-04-13 21:17:29
6,1,Lake Norfolkdale,36.848579,-76.288747,2025-01-08 14:23:22
7,1,South Arlingtonton,38.878699,-77.10821,2024-08-03 06:17:44
8,1,North Arlingtonford,38.880262,-77.102069,2024-03-15 04:40:10
9,2,Los Angeles,34.0522,-118.2437,2024-05-26 17:08:15
10,2,San Francisco,37.7749,-122.4194,2025-07-29 02:16:47
11,2,San Diego,32.7157,-117.1611,2025-08-21 22:57:37
12,2,Lake Sanhaven,37.779795,-122.418,2025-02-12 20:14:08
13,2,Port Losfield,34.04949,-118.248379,2025-06-06 00:05:48
14,2,New Santon,37.77201,-122.414971,2024-02-18 12:09:40
15,2,West Sanford,37.773856,-122.415255,2024-06-13 06:27:38
16,3,New York,40.7128,-74.006,2024-11-02 05:32:38
17,3,Buffalo,42.8864,-78.8784,2024-07-22 13:23:48
18,3,Albany,42.6526,-73.7562,2024-06-15 02:49:59
19,3,Fort Buffalohaven,42.891111,-78.874792,2025-06-27 09:38:20
20,3,South Albanybridge,42.655109,-73.753514,2025-05-15 09:07:59
21,3,New Newwood,40.709382,-74.010968,2025-01-06 18:15:03
22,3,New Albanybridge,42.65522,-73.756123,2024-09-04 03:05:05
23,4,Houston,29.7604,-95.3698,2025-07-21 16:37:14
24,4,Austin,30.2672,-97.7431,2024-01-08 11:45:40
25,4,Dallas,32.7767,-96.797,2024-03-01 16:04:57
26,4,East Houstonford,29.764868,-95.373149,2024-02-02 19:04:32
27,4,Lake Dallasburg,32.780989,-96.794447,2024-08-31 17:42:31
28,4,New Houstonwood,29.765351,-95.368301,2024-08-08 02:08:46
29,4,Mount Dallaston,32.774179,-96.80136,2025-08-08 03:30:15
30,5,Seattle,47.6062,-122.3321,2024-04-10 10:41:34
31,5,Spokane,47.6588,-117.426,2024-01-16 11:59:48
32,5,Lake Seattledale,47.605436,-122.33243,2024-08-30 14:26:31
33,5,South Seattlefield,47.605226,-122.333707,2025-05-07 15:55:25
34,5,West Seattleburg,47.606563,-122.335698,2024-03-01 14:24:00
35,5,Mount Spokaneburg,47.662545,-117.430246,2025-02-03 17:59:50
36,6,Toronto,43.6532,-79.3832,2024-11-19 17:13:42
37,6,Ottawa,45.4215,-75.6972,2024-11-17 16:16:25
38,6,East Ottawaburg,45.419467,-75.692513,2024-05-15 06:41:19
39,6,North Ottawafield,45.422342,-75.697171,2025-04-13 19:59:48
40,6,East Torontoton,43.65415,-79.381448,2024-03-15 09:29:39
41,6,Green Torontocrest,43.648597,-79.38738,2025-07-30 12:04:34
42,7,Vancouver,49.2827,-123.1207,2024-12-07 13:40:16
43,7,Victoria,48.4284,-123.3656,2024-06-15 08:28:35
44,7,South Victoriaburg,48.427095,-123.369023,2025-03-14 02:00:07
45,7,Fort Vancouverhaven,49.287018,-123.124664,2024-03-19 07:57:09
46,7,Fort Vancouverville,49.280423,-123.119652,2025-07-12 10:53:23
47,7,New Victoriafield,48.424323,-123.366364,2025-08-20 02:09:27
48,8,Montreal,45.5019,-73.5674,2024-01-26 06:12:25
49,8,Quebec City,46.8139,-71.208,2024-12-02 17:55:04
50,8,Port Montrealburg,45.503721,-73.565731,2024-10-12 20:41:32
51,8,West Montrealville,45.506662,-73.564292,2025-02-14 06:53:34
52,8,Lake Quebecburg,46.811568,-71.205126,2024-12-05 09:07:56
53,8,West Quebecburg,46.817066,-71.208397,2024-09-24 14:37:16
54,9,London,51.5074,-0.1278,2025-01-24 06:47:57
55,9,Manchester,53.4808,-2.2426,2024-06-28 04:36:19
56,9,Birmingham,52.4862,-1.8904,2025-02-20 02:53:00
57,9,Port Manchesterwood,53.481862,-2.242486,2024-11-07 18:13:27
58,9,North Manchesterwood,53.475817,-2.238344,2025-08-17 04:41:20
59,9,South Manchesterdale,53.482032,-2.240966,2025-04-21 23:28:43
60,9,Lake Manchesterdale,53.479824,-2.244643,2024-08-07 01:30:50
61,10,Edinburgh,55.9533,-3.1883,2025-04-21 06:33:35
62,10,Glasgow,55.8642,-4.2518,2024-11-20 23:39:52
63,10,South Glasgowburg,55.865928,-4.254554,2025-05-31 22:53:58
64,10,West Edinburghford,55.954413,-3.185615,2025-07-15 23:57:10
65,10,Lake Edinburghford,55.952297,-3.191824,2025-05-01 23:16:48
66,10,East Edinburghbridge,55.952945,-3.187726,2024-09-11 05:17:49
67,11,Mumbai,19.076,72.8777,2025-08-22 07:01:54
68,11,Pune,18.5204,73.8567,2025-08-12 21:30:00
69,11,Mount Puneton,18.522535,73.854045,2024-12-26 18:48:24
70,11,Fort Puneton,18.516784,73.854013,2025-03-06 02:47:47
71,11,West Mumbaiton,19.075149,72.876009,2025-07-14 04:57:14
72,11,North Puneburg,18.523729,73.855595,2025-05-14 16:17:27
73,12,Bengaluru,12.9716,77.5946,2024-09-15 11:30:01
74,12,Mysuru,12.2958,76.6394,2025-07-06 10:22:14
75,12,East Mysuruford,12.299995,76.644207,2024-03-12 05:02:48
76,12,Lake Bengalurucrest,12.972244,77.589871,2024-02-01 16:12:53
77,12,East Mysurufield,12.293402,76.637674,2024-01-22 04:09:15
78,12,Port Mysuruwood,12.293583,76.643912,2024-05-10 00:42:07
79,13,New Delhi,28.6139,77.209,2025-08-02 10:22:34
80,13,Port Newville,28.614959,77.213637,2025-03-15 06:23:04
81,13,East Newhaven,28.609981,77.204257,2025-06-03 05:21:00
82,13,Lake Newburg,28.60966,77.210906,2025-03-07 00:06:27
83,13,South Newhaven,28.617403,77.210004,2025-01-06 05:57:53
84,14,Sydney,-33.8688,151.2093,2024-08-05 20:51:16
85,14,Newcastle,-32.9283,151.7817,2024-12-14 17:56:38
86,14,Fort Sydneyhaven,-33.867641,151.213496,2024-10-10 02:00:33
87,14,Mount Newcastlewood,-32.925043,151.782625,2024-07-14 11:15:46
88,14,South Sydneyhaven,-33.864984,151.206739,2025-02-21 00:35:48
89,14,Port Newcastlefield,-32.928357,151.77995,2024-09-04 07:30:41
90,15,Melbourne,-37.8136,144.9631,2024-07-08 15:13:47
91,15,Geelong,-38.1499,144.3617,2025-05-10 17:46:37
92,15,New Melbourneburg,-37.814556,144.960533,2025-06-22 04:18:06
93,15,Mount Geelongbridge,-38.149591,144.360955,2024-07-17 18:14:23
94,15,Port Geelongford,-38.152191,144.359214,2024-07-02 18:00:45
95,15,Port Melbourneton,-37.811171,144.967609,2025-06-30 13:17:02
96,16,Berlin,52.52,13.405,2024-09-11 12:35:48
97,16,Mount Berlinton,52.523727,13.405741,2025-03-03 04:38:50
98,16,Mount Berlindale,52.516844,13.400514,2024-08-20 01:24:28
99,16,South Berlinwood,52.519917,13.40577,2025-03-29 18:55:37
100,16,East Berlinville,52.523111,13.409491,2025-03-15 18:36:39
101,17,Munich,48.1351,11.582,2024-06-01 17:52:09
102,17,Nuremberg,49.4521,11.0767,2024-03-14 10:10:50
103,17,West Munichhaven,48.136704,11.578571,2024-11-11 04:47:52
104,17,East Munichfield,48.134185,11.583894,2025-08-05 18:28:07
105,17,North Nurembergburg,49.449981,11.074527,2025-04-25 07:19:44
106,17,Green Munichburg,48.134351,11.582446,2025-02-16 17:32:34
107,18,Hamburg,53.5511,9.9937,2024-06-13 19:26:44
108,18,Lake Hamburgdale,53.552137,9.988959,2025-05-22 18:42:25
109,18,New Hamburgcrest,53.546502,9.996263,2025-07-17 10:29:05
110,18,New Hamburgville,53.556069,9.993059,2024-11-18 17:20:07
111,18,Mount Hamburgdale,53.550183,9.991911,2025-02-18 01:52:00
