user_id,terms_and_conditions,terms_accepted_at,govt_id_path1,govt_id_path2,path1_updated_at,path2_updated_at,availability_days,availability_times,created_at,last_updated_at
9ae6befe-8f2d-e908-f9da-4f55bef99394,True,2025-04-03 01:53:50,s3://saayam-mock/govt-id/9ae6befe-8f2d-e908-f9da-4f55bef99394_1.pdf,s3://saayam-mock/govt-id/9ae6befe-8f2d-e908-f9da-4f55bef99394_2.pdf,2025-03-21 12:55:07,2025-03-30 22:09:29,"[""SAT""]","[""AFTERNOON"",""EVENING""]",2025-03-08 01:21:14,2025-04-12 05:39:14
c13ed0d3-823a-0b12-d6ba-f0f28d5a9549,True,2025-08-06 10:54:46,s3://saayam-mock/govt-id/c13ed0d3-823a-0b12-d6ba-f0f28d5a9549_1.pdf,s3://saayam-mock/govt-id/c13ed0d3-823a-0b12-d6ba-f0f28d5a9549_2.pdf,2025-07-30 12:08:58,2025-08-03 23:34:02,"[""MON"",""WED"",""FRI"",""SAT""]","[""MORNING""]",2025-07-24 00:02:31,2025-08-10 02:05:17
694d7b00-8d38-8327-883f-13c601b158e9,True,2024-10-24 21:18:59,s3://saayam-mock/govt-id/694d7b00-8d38-8327-883f-13c601b158e9_1.pdf,,2024-10-24 09:03:18,,"[""SAT"",""SUN""]","[""MORNING""]",2024-10-23 16:55:34,2024-10-25 03:07:54
7aa6d6ea-ac27-3009-ec1a-86d356830783,True,2025-05-27 12:28:54,s3://saayam-mock/govt-id/7aa6d6ea-ac27-3009-ec1a-86d356830783_1.pdf,,2025-05-02 11:46:34,2025-05-29 13:43:49,"[""SAT""]","[""MORNING""]",2025-04-30 12:05:01,2025-06-14 09:28:32
4c9d6907-13b2-2cec-edca-bf9465f6ba53,True,2024-12-11 22:43:16,s3://saayam-mock/govt-id/4c9d6907-13b2-2cec-edca-bf9465f6ba53_1.pdf,s3://saayam-mock/govt-id/4c9d6907-13b2-2cec-edca-bf9465f6ba53_2.pdf,2024-12-10 21:25:34,,"[""MON"",""WED"",""FRI"",""SAT""]","[""AFTERNOON"",""EVENING""]",2024-12-07 22:46:06,2024-12-14 18:05:04
84fa4c72-39e7-a4f1-97fb-613a21f89d06,True,2024-05-29 20:06:34,s3://saayam-mock/govt-id/84fa4c72-39e7-a4f1-97fb-613a21f89d06_1.pdf,s3://saayam-mock/govt-id/84fa4c72-39e7-a4f1-97fb-613a21f89d06_2.pdf,2024-05-21 18:21:42,2024-06-07 07:37:18,"[""SAT""]","[""FULL_DAY""]",2024-05-07 19:00:26,2024-06-07 12:27:17
161d5c87-53c9-fe59-4f89-e3b2d847dc53,True,2024-12-07 02:57:36,s3://saayam-mock/govt-id/161d5c87-53c9-fe59-4f89-e3b2d847dc53_1.pdf,,2024-11-14 04:07:35,2024-11-23 23:56:51,"[""SAT"",""SUN""]","[""MORNING""]",2024-11-12 23:04:20,2024-12-07 06:52:42
f11afc00-132b-4f36-1940-4d24eced9c30,True,2025-08-01 12:00:25,s3://saayam-mock/govt-id/f11afc00-132b-4f36-1940-4d24eced9c30_1.pdf,s3://saayam-mock/govt-id/f11afc00-132b-4f36-1940-4d24eced9c30_2.pdf,2025-08-17 07:42:01,2025-09-05 03:12:10,"[""TUE"",""THU""]","[""EVENING""]",2025-07-09 05:48:48,2025-09-05 04:17:04
1519613c-e6c7-1f15-5bed-83be136d6cce,True,2024-05-30 04:20:22,s3://saayam-mock/govt-id/1519613c-e6c7-1f15-5bed-83be136d6cce_1.pdf,,2024-06-04 09:29:11,2024-05-23 17:06:25,"[""MON"",""TUE"",""WED"",""THU"",""FRI""]","[""AFTERNOON"",""EVENING""]",2024-05-16 23:00:38,2024-06-05 21:49:39
b2086418-6092-0068-c403-b430631a9c3c,True,2025-04-14 18:08:59,,,2025-05-02 13:15:53,2025-05-06 19:41:35,"[""SUN""]","[""MORNING""]",2025-04-07 07:37:42,2025-05-21 17:00:39
79af8348-10bb-c60d-07bf-63ee7ccd3dc0,True,2024-11-04 22:20:00,,s3://saayam-mock/govt-id/79af8348-10bb-c60d-07bf-63ee7ccd3dc0_2.pdf,2024-11-07 07:21:22,2024-11-09 01:45:49,"[""MON"",""TUE"",""WED"",""THU"",""FRI""]","[""MORNING"",""EVENING""]",2024-10-29 07:05:05,2024-11-13 14:33:53
e4db04c8-a817-4c85-9819-7749f041e4f7,True,2024-04-28 06:31:18,s3://saayam-mock/govt-id/e4db04c8-a817-4c85-9819-7749f041e4f7_1.pdf,,2024-04-04 07:50:34,,"[""SAT"",""SUN""]","[""MORNING"",""EVENING""]",2024-04-01 11:35:06,2024-05-06 13:54:43
c7a9f33c-22d8-39d3-33e4-f986f18cccdc,True,2025-05-03 03:34:47,s3://saayam-mock/govt-id/c7a9f33c-22d8-39d3-33e4-f986f18cccdc_1.pdf,,2025-05-01 20:48:45,,"[""SAT"",""SUN""]","[""EVENING""]",2025-04-18 18:59:36,2025-05-29 14:54:01
22fbe906-554e-d52c-126a-a3157b189d5d,True,2024-01-17 01:39:33,s3://saayam-mock/govt-id/22fbe906-554e-d52c-126a-a3157b189d5d_1.pdf,,2024-01-09 04:12:37,,"[""TUE"",""THU""]","[""MORNING""]",2024-01-06 03:14:15,2024-01-17 11:01:24
2436c8de-c40c-fbde-caf9-19244f2c8cfd,True,2025-05-04 07:40:07,s3://saayam-mock/govt-id/2436c8de-c40c-fbde-caf9-19244f2c8cfd_1.pdf,,2025-05-06 03:51:37,2025-05-08 14:42:23,"[""TUE"",""THU""]","[""AFTERNOON"",""EVENING""]",2025-05-01 07:50:28,2025-05-09 07:11:49
0ec7d662-905c-7bdd-74f0-beae6a5943ce,True,2024-09-18 15:23:55,s3://saayam-mock/govt-id/0ec7d662-905c-7bdd-74f0-beae6a5943ce_1.pdf,,2024-09-25 18:54:18,2024-10-01 09:21:16,"[""MON"",""WED"",""FRI"",""SAT""]","[""AFTERNOON""]",2024-09-17 21:59:06,2024-10-19 16:50:30
97d38ab9-d352-0a91-4873-d25237a2a180,True,2025-04-22 00:13:35,,,2025-04-28 14:01:29,2025-04-11 08:17:45,"[""SAT""]","[""AFTERNOON""]",2025-03-24 17:52:32,2025-05-14 04:36:10
84440504-13ed-280a-d5e1-4d1fe5f22dfb,True,2025-01-08 22:31:38,s3://saayam-mock/govt-id/84440504-13ed-280a-d5e1-4d1fe5f22dfb_1.pdf,,2025-01-20 05:34:20,,"[""SAT""]","[""MORNING""]",2025-01-05 13:04:32,2025-01-22 14:03:25
6532b3ae-16f7-91ac-4cf6-a29711e74656,True,2024-08-21 13:58:54,s3://saayam-mock/govt-id/6532b3ae-16f7-91ac-4cf6-a29711e74656_1.pdf,,2024-08-19 01:03:36,,"[""SAT"",""SUN""]","[""MORNING""]",2024-08-18 09:39:22,2024-09-05 15:17:30
d0ccc1a5-1b91-2adc-8333-34f66a6a0149,True,2025-07-23 07:51:16,,s3://saayam-mock/govt-id/d0ccc1a5-1b91-2adc-8333-34f66a6a0149_2.pdf,2025-07-26 13:01:08,2025-07-31 04:45:01,"[""SAT"",""SUN""]","[""EVENING""]",2025-07-20 18:42:44,2025-08-01 07:07:22
0a054950-1f7f-e5b0-5075-b55accee6b1c,True,2024-09-21 18:31:22,s3://saayam-mock/govt-id/0a054950-1f7f-e5b0-5075-b55accee6b1c_1.pdf,,2024-09-28 00:11:07,2024-10-03 13:55:07,"[""SAT"",""SUN""]","[""MORNING""]",2024-09-20 16:13:00,2024-10-05 10:23:32
a0dcec7d-3b17-2319-7f4d-55b97d457a09,True,2025-06-09 21:11:41,s3://saayam-mock/govt-id/a0dcec7d-3b17-2319-7f4d-55b97d457a09_1.pdf,,2025-06-09 16:33:11,,"[""SAT""]","[""MORNING""]",2025-06-08 09:43:48,2025-06-11 13:20:03
32b1792b-2263-960a-b43c-6fef2fb7e9bd,True,2025-08-07 20:21:57,s3://saayam-mock/govt-id/32b1792b-2263-960a-b43c-6fef2fb7e9bd_1.pdf,s3://saayam-mock/govt-id/32b1792b-2263-960a-b43c-6fef2fb7e9bd_2.pdf,2025-08-08 22:12:01,2025-08-04 21:50:13,"[""SUN""]","[""FULL_DAY""]",2025-08-03 16:52:13,2025-08-15 15:29:54
ca27cd69-4226-4ba4-0775-d77822ed1e25,True,2025-06-19 10:17:11,s3://saayam-mock/govt-id/ca27cd69-4226-4ba4-0775-d77822ed1e25_1.pdf,,2025-06-05 07:42:56,,"[""SAT"",""SUN""]","[""AFTERNOON""]",2025-05-21 07:34:59,2025-06-23 06:58:21
53cc6b95-c689-5836-4f73-ab1c860c7b68,True,2024-02-11 16:54:09,s3://saayam-mock/govt-id/53cc6b95-c689-5836-4f73-ab1c860c7b68_1.pdf,s3://saayam-mock/govt-id/53cc6b95-c689-5836-4f73-ab1c860c7b68_2.pdf,2024-02-26 10:01:47,,"[""MON"",""TUE"",""WED"",""THU"",""FRI""]","[""AFTERNOON"",""EVENING""]",2024-02-08 09:15:34,2024-03-02 09:06:47
f544b28c-0bba-d72a-8a7e-9cce56c890a5,True,2024-02-04 11:47:48,s3://saayam-mock/govt-id/f544b28c-0bba-d72a-8a7e-9cce56c890a5_1.pdf,s3://saayam-mock/govt-id/f544b28c-0bba-d72a-8a7e-9cce56c890a5_2.pdf,2024-02-09 07:38:59,2024-01-29 20:31:19,"[""MON"",""WED"",""FRI"",""SAT""]","[""EVENING""]",2024-01-29 13:02:14,2024-02-17 03:48:32
b8b818cf-be15-3187-b783-e1d5d26404b9,True,2024-06-23 14:37:53,,,2024-06-28 05:31:56,2024-06-21 07:59:07,"[""TUE"",""THU""]","[""AFTERNOON""]",2024-05-10 18:53:13,2024-07-07 22:51:18
4d171ebc-5a45-b8ea-d3e7-63d10378bcb7,True,2024-10-27 22:04:50,s3://saayam-mock/govt-id/4d171ebc-5a45-b8ea-d3e7-63d10378bcb7_1.pdf,s3://saayam-mock/govt-id/4d171ebc-5a45-b8ea-d3e7-63d10378bcb7_2.pdf,2024-10-24 08:21:11,,"[""MON"",""WED"",""FRI"",""SAT""]","[""FULL_DAY""]",2024-10-20 03:31:34,2024-11-15 05:39:35
725d4259-3c4b-1eec-6231-ee7342c2d2eb,True,2025-09-06 22:04:58,s3://saayam-mock/govt-id/725d4259-3c4b-1eec-6231-ee7342c2d2eb_1.pdf,,2025-09-09 01:09:13,2025-09-10 17:08:09,"[""MON"",""WED"",""FRI"",""SAT""]","[""MORNING"",""EVENING""]",2025-08-28 10:25:49,2025-09-12 13:08:56
653c8f74-a507-6897-9afa-826744791214,True,2024-07-22 23:24:35,s3://saayam-mock/govt-id/653c8f74-a507-6897-9afa-826744791214_1.pdf,s3://saayam-mock/govt-id/653c8f74-a507-6897-9afa-826744791214_2.pdf,2024-07-14 03:50:10,,"[""MON"",""TUE"",""WED"",""THU"",""FRI""]","[""FULL_DAY""]",2024-07-11 04:07:22,2024-07-26 08:16:34
0361b157-b1fb-b587-a514-b3fcc809a0b4,True,2024-08-07 04:40:01,s3://saayam-mock/govt-id/0361b157-b1fb-b587-a514-b3fcc809a0b4_1.pdf,s3://saayam-mock/govt-id/0361b157-b1fb-b587-a514-b3fcc809a0b4_2.pdf,2024-07-18 02:05:53,2024-07-18 01:19:38,"[""MON"",""WED"",""FRI""]","[""MORNING""]",2024-07-14 00:28:41,2024-08-15 11:54:55
3ea6e5b2-0c76-0d28-df49-5037b40a9181,True,2025-07-31 11:29:53,,,2025-08-28 20:24:38,2025-07-22 01:06:34,"[""SAT"",""SUN""]","[""EVENING""]",2025-07-07 15:04:24,2025-08-30 01:54:22
2339ba19-2563-7cc3-ca97-ebf555d596af,True,2025-05-07 02:22:50,s3://saayam-mock/govt-id/2339ba19-2563-7cc3-ca97-ebf555d596af_1.pdf,,2025-05-18 09:23:53,,"[""SUN""]","[""EVENING""]",2025-04-18 15:39:39,2025-05-29 08:34:03
88516447-6e5b-9598-a8f0-e3e02f369832,True,2024-12-22 17:05:34,,,2024-12-16 03:16:13,2024-12-22 16:07:09,"[""MON"",""WED"",""FRI""]","[""MORNING""]",2024-12-14 09:34:23,2024-12-27 07:05:49
a23036d2-88d7-d47c-ec38-704b22c0eee9,True,2025-09-06 23:22:04,s3://saayam-mock/govt-id/a23036d2-88d7-d47c-ec38-704b22c0eee9_1.pdf,,2025-10-02 15:14:16,,"[""SAT"",""SUN""]","[""EVENING""]",2025-08-22 01:59:42,2025-10-13 14:51:04
b1b2b5f8-8b66-1d1f-579a-7954c98e3f5b,True,2025-04-28 01:06:13,s3://saayam-mock/govt-id/b1b2b5f8-8b66-1d1f-579a-7954c98e3f5b_1.pdf,s3://saayam-mock/govt-id/b1b2b5f8-8b66-1d1f-579a-7954c98e3f5b_2.pdf,2025-05-03 20:58:23,,"[""SAT""]","[""MORNING"",""EVENING""]",2025-04-22 00:06:17,2025-05-09 10:28:31
fc75de3d-d473-f3b5-452a-2da70e00583d,True,2025-08-24 03:24:38,,,2025-08-24 09:10:15,,"[""MON"",""WED"",""FRI"",""SAT""]","[""MORNING""]",2025-08-16 09:17:49,2025-09-17 18:55:16
f3abea0d-5be9-fdb3-dd92-dd7c0db977a9,True,2025-08-06 11:39:51,s3://saayam-mock/govt-id/f3abea0d-5be9-fdb3-dd92-dd7c0db977a9_1.pdf,s3://saayam-mock/govt-id/f3abea0d-5be9-fdb3-dd92-dd7c0db977a9_2.pdf,2025-08-01 00:53:20,,"[""MON"",""WED"",""FRI"",""SAT""]","[""MORNING""]",2025-07-30 11:08:11,2025-08-07 21:08:37
cdbb6c1f-5a8d-785e-f7eb-a7e91dd07ec8,True,2025-06-28 23:14:04,s3://saayam-mock/govt-id/cdbb6c1f-5a8d-785e-f7eb-a7e91dd07ec8_1.pdf,s3://saayam-mock/govt-id/cdbb6c1f-5a8d-785e-f7eb-a7e91dd07ec8_2.pdf,2025-07-02 13:47:58,2025-06-17 09:16:59,"[""MON"",""WED"",""FRI""]","[""AFTERNOON"",""EVENING""]",2025-06-08 16:21:24,2025-07-04 21:09:52
356766ec-33c4-3cd1-b44f-8e12d18b621e,True,2024-12-14 02:19:56,s3://saayam-mock/govt-id/356766ec-33c4-3cd1-b44f-8e12d18b621e_1.pdf,s3://saayam-mock/govt-id/356766ec-33c4-3cd1-b44f-8e12d18b621e_2.pdf,2024-12-12 12:09:22,,"[""SUN""]","[""EVENING""]",2024-12-10 17:39:37,2024-12-27 15:35:54
afc2ccfc-9db7-284b-6965-d1d1eb7e2e64,True,2024-05-18 13:45:44,,,2024-05-07 12:34:46,,"[""MON"",""TUE"",""WED"",""THU"",""FRI""]","[""AFTERNOON""]",2024-05-07 08:56:14,2024-05-19 18:53:45
20fda784-6dd9-a879-93ee-36eeee93a4d0,True,2025-07-05 21:44:26,s3://saayam-mock/govt-id/20fda784-6dd9-a879-93ee-36eeee93a4d0_1.pdf,,2025-06-25 08:29:35,2025-06-29 16:59:31,"[""TUE"",""THU""]","[""MORNING"",""EVENING""]",2025-06-24 18:22:47,2025-07-13 17:03:50
35b86d0a-864f-36dd-69ec-09d586eced99,True,2025-09-11 10:12:28,s3://saayam-mock/govt-id/35b86d0a-864f-36dd-69ec-09d586eced99_1.pdf,,2025-09-01 17:17:05,2025-09-22 11:04:09,"[""MON"",""TUE"",""WED"",""THU"",""FRI""]","[""FULL_DAY""]",2025-08-27 06:33:42,2025-10-15 13:46:10
e061f65f-a859-6f8c-d734-18fe2b843ef3,True,2024-06-02 04:32:21,s3://saayam-mock/govt-id/e061f65f-a859-6f8c-d734-18fe2b843ef3_1.pdf,s3://saayam-mock/govt-id/e061f65f-a859-6f8c-d734-18fe2b843ef3_2.pdf,2024-06-20 14:47:58,,"[""MON"",""WED"",""FRI"",""SAT""]","[""AFTERNOON""]",2024-05-26 08:41:58,2024-06-22 04:56:40
effad15b-bea6-450f-0acc-b23cba6dbed8,True,2024-08-16 09:22:46,s3://saayam-mock/govt-id/effad15b-bea6-450f-0acc-b23cba6dbed8_1.pdf,,2024-09-05 12:34:14,,"[""MON"",""WED"",""FRI"",""SAT""]","[""AFTERNOON"",""EVENING""]",2024-07-22 22:53:59,2024-09-07 20:27:17
f057712b-945e-b87f-0eff-6a6b689ab92d,True,2025-04-21 09:00:39,s3://saayam-mock/govt-id/f057712b-945e-b87f-0eff-6a6b689ab92d_1.pdf,,2025-04-03 23:48:43,,"[""MON"",""TUE"",""WED"",""THU"",""FRI""]","[""MORNING"",""EVENING""]",2025-04-02 21:05:02,2025-04-30 11:48:38
17d5b563-fa60-ede1-e5eb-772df11c0ac5,True,2025-04-25 05:40:57,s3://saayam-mock/govt-id/17d5b563-fa60-ede1-e5eb-772df11c0ac5_1.pdf,s3://saayam-mock/govt-id/17d5b563-fa60-ede1-e5eb-772df11c0ac5_2.pdf,2025-04-26 03:16:25,,"[""SAT""]","[""AFTERNOON""]",2025-04-09 16:47:19,2025-05-03 17:41:40
1fce01e3-042b-03ca-75a7-2686d6321d31,True,2025-03-17 21:43:53,s3://saayam-mock/govt-id/1fce01e3-042b-03ca-75a7-2686d6321d31_1.pdf,,2025-03-20 21:38:51,,"[""MON"",""WED"",""FRI""]","[""AFTERNOON"",""EVENING""]",2025-03-15 09:08:56,2025-04-10 17:45:41
aab9278d-92df-cf99-fe7b-178dfb0e7c28,True,2024-03-05 03:22:06,s3://saayam-mock/govt-id/aab9278d-92df-cf99-fe7b-178dfb0e7c28_1.pdf,s3://saayam-mock/govt-id/aab9278d-92df-cf99-fe7b-178dfb0e7c28_2.pdf,2024-03-03 04:43:53,,"[""SUN""]","[""FULL_DAY""]",2024-02-18 00:47:27,2024-03-30 00:51:33
d6881d3e-93fd-e248-aac0-4912084d7822,True,2024-05-15 01:58:48,s3://saayam-mock/govt-id/d6881d3e-93fd-e248-aac0-4912084d7822_1.pdf,s3://saayam-mock/govt-id/d6881d3e-93fd-e248-aac0-4912084d7822_2.pdf,2024-05-12 04:58:14,2024-05-13 17:23:49,"[""TUE"",""THU""]","[""AFTERNOON""]",2024-05-11 23:46:06,2024-05-15 06:19:52
8fc9c86b-e9dd-ebf5-6311-9aca848af440,True,2024-11-12 13:04:07,s3://saayam-mock/govt-id/8fc9c86b-e9dd-ebf5-6311-9aca848af440_1.pdf,,2024-11-23 20:45:24,2024-11-10 08:18:10,"[""SUN""]","[""AFTERNOON""]",2024-10-22 19:23:55,2024-12-19 11:44:59
343e623f-7f5f-ca4f-07ac-c717299152e6,True,2024-02-15 19:20:33,s3://saayam-mock/govt-id/343e623f-7f5f-ca4f-07ac-c717299152e6_1.pdf,,2024-02-29 22:36:59,,"[""TUE"",""THU""]","[""MORNING"",""EVENING""]",2024-02-14 18:50:21,2024-03-08 10:53:33
adf9568b-de0b-de18-59e1-10eb1f096b9d,True,2025-01-11 21:57:02,s3://saayam-mock/govt-id/adf9568b-de0b-de18-59e1-10eb1f096b9d_1.pdf,,2025-01-17 06:23:11,,"[""MON"",""WED"",""FRI""]","[""MORNING"",""EVENING""]",2025-01-08 09:51:03,2025-03-03 00:26:19
30c36756-d453-f867-b97e-6224891f6912,True,2024-09-03 22:05:32,s3://saayam-mock/govt-id/30c36756-d453-f867-b97e-6224891f6912_1.pdf,s3://saayam-mock/govt-id/30c36756-d453-f867-b97e-6224891f6912_2.pdf,2024-08-05 20:19:40,,"[""MON"",""TUE"",""WED"",""THU"",""FRI""]","[""AFTERNOON"",""EVENING""]",2024-07-31 20:31:17,2024-09-11 18:44:47
6b10b786-7565-6daf-772d-416dda05d2fc,True,2024-07-12 01:45:34,s3://saayam-mock/govt-id/6b10b786-7565-6daf-772d-416dda05d2fc_1.pdf,,2024-07-14 15:41:46,2024-07-10 15:49:04,"[""SAT"",""SUN""]","[""AFTERNOON""]",2024-06-23 08:45:33,2024-07-30 00:38:26
a8debd88-9f8a-cdeb-2e8f-f5a8c47a3b7e,True,2024-03-24 20:58:01,,s3://saayam-mock/govt-id/a8debd88-9f8a-cdeb-2e8f-f5a8c47a3b7e_2.pdf,2024-03-25 19:09:30,2024-03-27 17:31:46,"[""TUE"",""THU""]","[""FULL_DAY""]",2024-03-24 18:55:19,2024-03-27 18:16:14
d80213ba-af6c-2278-2633-1cc6cbeed3e3,True,2024-03-21 14:43:00,s3://saayam-mock/govt-id/d80213ba-af6c-2278-2633-1cc6cbeed3e3_1.pdf,,2024-04-09 19:29:09,,"[""SAT""]","[""FULL_DAY""]",2024-03-14 08:00:40,2024-04-10 18:29:25
0e2f8958-de43-1e06-e924-706980bbae52,True,2024-07-07 23:53:22,,,2024-07-07 09:58:40,2024-07-11 22:52:21,"[""MON"",""WED"",""FRI""]","[""MORNING""]",2024-07-06 06:31:17,2024-07-16 18:56:59
d544c79b-6ab7-6840-f5b5-ac7163ef5e69,True,2024-12-14 03:30:08,s3://saayam-mock/govt-id/d544c79b-6ab7-6840-f5b5-ac7163ef5e69_1.pdf,,2024-12-25 18:49:52,2024-11-17 06:22:19,"[""SAT"",""SUN""]","[""AFTERNOON"",""EVENING""]",2024-10-28 01:39:22,2024-12-26 15:06:57
de2bfe58-73d2-939e-f99d-d6d562b51781,True,2024-11-28 11:43:31,s3://saayam-mock/govt-id/de2bfe58-73d2-939e-f99d-d6d562b51781_1.pdf,s3://saayam-mock/govt-id/de2bfe58-73d2-939e-f99d-d6d562b51781_2.pdf,2024-12-02 22:19:40,2024-11-12 17:36:31,"[""SUN""]","[""FULL_DAY""]",2024-10-22 04:21:40,2024-12-13 18:33:10
68b49b00-c867-68b2-d9da-5f47e3caa0c4,True,2025-03-19 14:32:15,s3://saayam-mock/govt-id/68b49b00-c867-68b2-d9da-5f47e3caa0c4_1.pdf,,2025-02-16 12:56:40,,"[""MON"",""WED"",""FRI""]","[""AFTERNOON"",""EVENING""]",2025-02-06 04:47:33,2025-04-02 21:10:52
4207fb51-52ff-eff5-e49c-5edd69aec17b,True,2025-10-18 11:34:35,s3://saayam-mock/govt-id/4207fb51-52ff-eff5-e49c-5edd69aec17b_1.pdf,,2025-10-21 13:07:23,2025-09-22 04:22:26,"[""MON"",""TUE"",""WED"",""THU"",""FRI""]","[""MORNING"",""EVENING""]",2025-09-11 07:40:28,2025-10-27 08:20:57
da143a47-7823-51d9-d94d-f188816ce054,True,2024-11-07 02:17:26,s3://saayam-mock/govt-id/da143a47-7823-51d9-d94d-f188816ce054_1.pdf,,2024-10-17 19:48:49,,"[""SAT""]","[""MORNING"",""EVENING""]",2024-09-19 10:15:50,2024-11-18 13:23:46
97d02f8f-affd-d43b-2c69-1f0442bbeaae,True,2025-03-07 03:03:26,s3://saayam-mock/govt-id/97d02f8f-affd-d43b-2c69-1f0442bbeaae_1.pdf,s3://saayam-mock/govt-id/97d02f8f-affd-d43b-2c69-1f0442bbeaae_2.pdf,2025-03-07 07:40:47,,"[""SAT"",""SUN""]","[""AFTERNOON""]",2025-03-06 21:01:03,2025-03-09 21:30:01
01539221-2331-0a28-c550-eca8ae62990c,True,2024-08-14 09:15:51,s3://saayam-mock/govt-id/01539221-2331-0a28-c550-eca8ae62990c_1.pdf,,2024-08-13 12:03:49,,"[""SUN""]","[""MORNING"",""EVENING""]",2024-08-02 15:38:49,2024-08-16 12:42:11
160a3a13-30df-c50c-89e0-8b89ca3e3238,True,2024-02-14 02:47:27,s3://saayam-mock/govt-id/160a3a13-30df-c50c-89e0-8b89ca3e3238_1.pdf,,2024-03-01 20:45:33,,"[""MON"",""TUE"",""WED"",""THU"",""FRI""]","[""MORNING"",""EVENING""]",2024-01-27 09:48:34,2024-03-08 00:54:58
cf8b4eb2-43f1-5176-eed1-58095e7e2813,True,2025-01-13 02:50:35,s3://saayam-mock/govt-id/cf8b4eb2-43f1-5176-eed1-58095e7e2813_1.pdf,s3://saayam-mock/govt-id/cf8b4eb2-43f1-5176-eed1-58095e7e2813_2.pdf,2024-12-14 00:17:51,2024-12-12 01:58:37,"[""SUN""]","[""EVENING""]",2024-12-02 15:03:07,2025-01-18 12:27:40
de1f1619-467b-a9e5-77e8-b762bb7eb979,True,2024-12-09 20:42:47,s3://saayam-mock/govt-id/de1f1619-467b-a9e5-77e8-b762bb7eb979_1.pdf,,2024-12-08 08:59:08,,"[""SAT"",""SUN""]","[""AFTERNOON""]",2024-11-02 23:34:15,2024-12-26 08:42:58
5388d128-c96d-525e-a563-9cf4a7dfeb92,True,2024-05-18 19:59:59,s3://saayam-mock/govt-id/5388d128-c96d-525e-a563-9cf4a7dfeb92_1.pdf,s3://saayam-mock/govt-id/5388d128-c96d-525e-a563-9cf4a7dfeb92_2.pdf,2024-05-29 15:26:46,,"[""MON"",""TUE"",""WED"",""THU"",""FRI""]","[""MORNING""]",2024-05-18 12:15:38,2024-06-03 19:55:23
fdc419b2-0a41-4919-0b52-46f3faed5777,True,2024-04-30 09:04:35,s3://saayam-mock/govt-id/fdc419b2-0a41-4919-0b52-46f3faed5777_1.pdf,s3://saayam-mock/govt-id/fdc419b2-0a41-4919-0b52-46f3faed5777_2.pdf,2024-04-16 05:19:29,2024-05-20 14:17:51,"[""MON"",""WED"",""FRI"",""SAT""]","[""AFTERNOON""]",2024-04-14 10:03:05,2024-05-25 04:10:10
4c7d9313-a6c6-81b0-e472-9be5f3c2944a,True,2025-03-04 23:11:13,s3://saayam-mock/govt-id/4c7d9313-a6c6-81b0-e472-9be5f3c2944a_1.pdf,s3://saayam-mock/govt-id/4c7d9313-a6c6-81b0-e472-9be5f3c2944a_2.pdf,2025-03-05 00:00:34,,"[""TUE"",""THU""]","[""AFTERNOON"",""EVENING""]",2025-03-03 06:22:15,2025-03-05 10:47:37
62588ce9-f7ae-ede8-0a11-9bac8df21ad5,True,2025-01-30 01:46:44,s3://saayam-mock/govt-id/62588ce9-f7ae-ede8-0a11-9bac8df21ad5_1.pdf,,2025-01-29 21:34:51,,"[""MON"",""WED"",""FRI""]","[""EVENING""]",2025-01-17 18:04:50,2025-01-31 01:25:08
cfdfc6f9-eb0f-827c-e82a-3879f2b5a7ea,True,2024-08-28 04:03:59,,s3://saayam-mock/govt-id/cfdfc6f9-eb0f-827c-e82a-3879f2b5a7ea_2.pdf,2024-08-26 22:08:05,2024-08-26 08:42:31,"[""MON"",""WED"",""FRI"",""SAT""]","[""AFTERNOON""]",2024-08-23 20:32:13,2024-08-29 04:56:28
24a63a6c-b641-d449-31f0-90219b6fbe20,True,2024-11-14 06:33:41,s3://saayam-mock/govt-id/24a63a6c-b641-d449-31f0-90219b6fbe20_1.pdf,s3://saayam-mock/govt-id/24a63a6c-b641-d449-31f0-90219b6fbe20_2.pdf,2024-11-13 07:16:34,,"[""TUE"",""THU""]","[""MORNING"",""EVENING""]",2024-11-09 07:32:08,2024-11-14 23:16:16
41c7d9b3-db9c-9b7c-4674-a0eb47edc6dd,True,2024-08-09 01:19:06,s3://saayam-mock/govt-id/41c7d9b3-db9c-9b7c-4674-a0eb47edc6dd_1.pdf,,2024-07-04 04:15:52,,"[""SUN""]","[""FULL_DAY""]",2024-06-21 16:45:17,2024-08-17 11:42:27
797763fe-b4cc-7214-62b2-15adc61f98b1,True,2024-04-27 14:02:08,s3://saayam-mock/govt-id/797763fe-b4cc-7214-62b2-15adc61f98b1_1.pdf,s3://saayam-mock/govt-id/797763fe-b4cc-7214-62b2-15adc61f98b1_2.pdf,2024-05-01 10:56:35,,"[""SAT""]","[""EVENING""]",2024-03-26 05:27:38,2024-05-07 06:32:57
9ea556aa-61ee-6c5b-deef-580f9c07a751,True,2025-05-06 08:33:38,,s3://saayam-mock/govt-id/9ea556aa-61ee-6c5b-deef-580f9c07a751_2.pdf,2025-04-29 06:34:37,,"[""SUN""]","[""AFTERNOON""]",2025-04-26 12:08:38,2025-05-27 15:34:19
cf2e3296-7184-b713-a55f-65b7e709fba6,True,2025-05-08 22:17:05,s3://saayam-mock/govt-id/cf2e3296-7184-b713-a55f-65b7e709fba6_1.pdf,,2025-05-05 21:35:28,,"[""SAT""]","[""AFTERNOON"",""EVENING""]",2025-04-30 05:56:47,2025-06-22 12:47:47
22cb2720-850c-ddfd-1c3d-ae1977455560,True,2024-12-24 03:34:02,s3://saayam-mock/govt-id/22cb2720-850c-ddfd-1c3d-ae1977455560_1.pdf,,2025-01-03 22:11:00,,"[""TUE"",""THU""]","[""FULL_DAY""]",2024-12-09 02:42:52,2025-01-11 06:28:52
a05f36c8-49ed-856e-723d-facdf601e005,True,2024-09-29 09:41:36,,,2024-10-16 20:03:30,,"[""MON"",""TUE"",""WED"",""THU"",""FRI""]","[""MORNING"",""EVENING""]",2024-09-24 11:51:05,2024-11-20 07:39:16
a28e0841-7d16-5228-b589-717e8275b18a,True,2024-09-13 05:08:23,s3://saayam-mock/govt-id/a28e0841-7d16-5228-b589-717e8275b18a_1.pdf,s3://saayam-mock/govt-id/a28e0841-7d16-5228-b589-717e8275b18a_2.pdf,2024-10-06 20:40:01,,"[""SAT""]","[""MORNING""]",2024-09-12 00:19:28,2024-10-07 05:54:26
e5508ea2-6133-a34d-8b0e-8eb1ad371d9e,True,2024-11-25 07:01:36,,s3://saayam-mock/govt-id/e5508ea2-6133-a34d-8b0e-8eb1ad371d9e_2.pdf,2024-11-03 05:47:02,,"[""MON"",""WED"",""FRI"",""SAT""]","[""MORNING""]",2024-11-03 01:25:11,2024-12-02 23:42:00
48a84587-62c9-f4fc-f686-cfa7e94ded1e,True,2024-03-25 02:01:07,s3://saayam-mock/govt-id/48a84587-62c9-f4fc-f686-cfa7e94ded1e_1.pdf,,2024-03-02 03:46:22,,"[""SAT""]","[""AFTERNOON"",""EVENING""]",2024-03-01 08:16:35,2024-04-30 15:00:24
315e4e80-1f20-c257-ed34-8e324126fa8f,True,2025-06-24 12:22:22,s3://saayam-mock/govt-id/315e4e80-1f20-c257-ed34-8e324126fa8f_1.pdf,,2025-07-20 02:45:46,,"[""MON"",""WED"",""FRI"",""SAT""]","[""EVENING""]",2025-06-17 17:20:30,2025-07-24 21:07:49
64ea1dd3-d147-a0bf-2d7f-fe23e29ff19c,True,2025-04-06 21:43:33,s3://saayam-mock/govt-id/64ea1dd3-d147-a0bf-2d7f-fe23e29ff19c_1.pdf,,2025-04-07 12:48:45,,"[""SAT"",""SUN""]","[""FULL_DAY""]",2025-04-01 17:18:44,2025-04-08 06:10:15
e987cfb2-5552-5e11-b469-3821c7ca7ddc,True,2025-08-13 21:49:41,s3://saayam-mock/govt-id/e987cfb2-5552-5e11-b469-3821c7ca7ddc_1.pdf,,2025-08-05 17:35:36,,"[""MON"",""WED"",""FRI"",""SAT""]","[""FULL_DAY""]",2025-07-19 09:02:06,2025-08-14 16:29:40
317979f9-29ed-e760-2334-08ba794e0838,True,2025-03-09 11:36:31,s3://saayam-mock/govt-id/317979f9-29ed-e760-2334-08ba794e0838_1.pdf,,2025-03-09 13:41:19,,"[""SAT""]","[""FULL_DAY""]",2025-03-04 07:47:07,2025-03-16 01:57:18
7acabb76-22ec-f870-bb15-894aeeb47b07,True,2024-01-16 22:45:57,,,2024-01-17 01:25:27,,"[""SAT""]","[""AFTERNOON"",""EVENING""]",2024-01-15 22:09:09,2024-01-21 11:01:29
aa8c662d-290a-3d67-0817-5dd0e6a7caf7,True,2025-06-13 03:48:48,s3://saayam-mock/govt-id/aa8c662d-290a-3d67-0817-5dd0e6a7caf7_1.pdf,s3://saayam-mock/govt-id/aa8c662d-290a-3d67-0817-5dd0e6a7caf7_2.pdf,2025-06-11 16:41:52,,"[""MON"",""TUE"",""WED"",""THU"",""FRI""]","[""AFTERNOON""]",2025-05-16 16:50:28,2025-06-23 00:41:48
303c1503-d4e2-0134-389a-e4fd80ddb386,True,2024-06-08 16:18:54,s3://saayam-mock/govt-id/303c1503-d4e2-0134-389a-e4fd80ddb386_1.pdf,,2024-05-22 03:37:19,2024-06-09 01:38:04,"[""MON"",""WED"",""FRI""]","[""MORNING""]",2024-05-13 00:37:54,2024-06-13 12:55:55
bd5a6112-d1b2-2e3c-2ede-2487373058be,True,2024-02-27 09:13:50,s3://saayam-mock/govt-id/bd5a6112-d1b2-2e3c-2ede-2487373058be_1.pdf,,2024-02-25 22:42:53,2024-02-26 18:50:34,"[""MON"",""TUE"",""WED"",""THU"",""FRI""]","[""EVENING""]",2024-02-25 02:20:04,2024-03-02 14:41:34
742632d7-eda4-13c6-eb84-66e4c5fae047,True,2024-07-19 07:47:49,s3://saayam-mock/govt-id/742632d7-eda4-13c6-eb84-66e4c5fae047_1.pdf,,2024-07-20 15:25:51,2024-07-20 01:17:48,"[""MON"",""WED"",""FRI""]","[""MORNING""]",2024-07-17 10:53:15,2024-07-23 07:01:08
5c0c309c-0157-2a56-e4ae-b85f23fbe8f2,True,2024-08-22 21:13:19,,,2024-08-19 05:05:11,,"[""MON"",""WED"",""FRI""]","[""FULL_DAY""]",2024-07-28 12:03:15,2024-09-05 10:43:26
f84006f2-6f0e-ebef-97e8-905756a701ab,True,2024-09-13 05:31:17,,s3://saayam-mock/govt-id/f84006f2-6f0e-ebef-97e8-905756a701ab_2.pdf,2024-09-12 23:10:02,2024-09-20 14:29:47,"[""SUN""]","[""AFTERNOON"",""EVENING""]",2024-09-11 17:33:08,2024-09-21 11:45:09
d34298be-be2a-85c6-bbfe-cb11f06046a1,True,2024-06-14 10:20:16,s3://saayam-mock/govt-id/d34298be-be2a-85c6-bbfe-cb11f06046a1_1.pdf,s3://saayam-mock/govt-id/d34298be-be2a-85c6-bbfe-cb11f06046a1_2.pdf,2024-06-23 14:51:17,,"[""SAT"",""SUN""]","[""AFTERNOON""]",2024-06-13 20:57:51,2024-07-01 02:34:39
95dad216-a6cd-ae3c-6d13-0705279f91ab,True,2025-01-18 06:27:46,,s3://saayam-mock/govt-id/95dad216-a6cd-ae3c-6d13-0705279f91ab_2.pdf,2025-02-23 01:44:47,,"[""SUN""]","[""AFTERNOON""]",2025-01-16 17:55:56,2025-03-09 21:36:31
7eb162f1-4806-f804-0cf0-374c0c74dc0f,True,2025-04-27 21:33:33,s3://saayam-mock/govt-id/7eb162f1-4806-f804-0cf0-374c0c74dc0f_1.pdf,,2025-03-31 06:26:09,2025-04-11 23:36:58,"[""MON"",""TUE"",""WED"",""THU"",""FRI""]","[""FULL_DAY""]",2025-03-17 18:47:32,2025-05-07 00:44:56
fb7d9f1c-57eb-89b1-d65e-59dde62d2d06,True,2024-10-10 14:55:45,s3://saayam-mock/govt-id/fb7d9f1c-57eb-89b1-d65e-59dde62d2d06_1.pdf,,2024-10-28 14:10:06,,"[""MON"",""TUE"",""WED"",""THU"",""FRI""]","[""FULL_DAY""]",2024-10-01 16:30:12,2024-11-22 03:02:08
714b5c03-6057-97cf-da55-f8255086f384,True,2024-12-02 17:54:00,s3://saayam-mock/govt-id/714b5c03-6057-97cf-da55-f8255086f384_1.pdf,s3://saayam-mock/govt-id/714b5c03-6057-97cf-da55-f8255086f384_2.pdf,2024-12-10 04:52:01,2024-12-07 09:20:27,"[""SUN""]","[""MORNING""]",2024-11-22 15:14:17,2024-12-17 09:11:48
6544e313-6ea0-5d13-a845-54c3a3f66c61,True,2024-02-24 11:51:46,s3://saayam-mock/govt-id/6544e313-6ea0-5d13-a845-54c3a3f66c61_1.pdf,,2024-02-18 04:38:28,2024-03-04 17:52:55,"[""SAT"",""SUN""]","[""EVENING""]",2024-01-14 19:54:40,2024-03-12 13:29:22
c6090b78-b597-1e43-8f8d-d99511274cb2,True,2024-06-05 01:11:27,,,2024-06-14 19:23:53,2024-05-22 23:51:18,"[""MON"",""TUE"",""WED"",""THU"",""FRI""]","[""EVENING""]",2024-05-15 05:25:01,2024-06-26 17:06:36
6467e0c0-a149-7b65-cbf7-8eb17d7f2fed,True,2024-04-26 12:48:36,s3://saayam-mock/govt-id/6467e0c0-a149-7b65-cbf7-8eb17d7f2fed_1.pdf,,2024-04-26 04:57:26,,"[""TUE"",""THU""]","[""AFTERNOON""]",2024-04-25 02:23:05,2024-04-27 00:14:34
5ce195be-01b8-c14a-fd68-a5d7d37a430a,True,2024-05-27 20:32:35,,,2024-06-01 14:35:25,,"[""SUN""]","[""EVENING""]",2024-05-03 09:45:17,2024-06-24 05:20:30
842ee348-5dc2-fd9b-f1bd-b57bb8dddfc2,True,2024-09-03 02:09:00,,s3://saayam-mock/govt-id/842ee348-5dc2-fd9b-f1bd-b57bb8dddfc2_2.pdf,2024-08-08 21:20:44,2024-09-07 04:08:08,"[""TUE"",""THU""]","[""MORNING"",""EVENING""]",2024-08-03 02:31:47,2024-09-21 02:22:06
c1a95ee2-1718-cfde-6c4e-5a8c99afee64,True,2025-03-26 17:27:40,s3://saayam-mock/govt-id/c1a95ee2-1718-cfde-6c4e-5a8c99afee64_1.pdf,,2025-03-26 17:12:54,,"[""MON"",""TUE"",""WED"",""THU"",""FRI""]","[""AFTERNOON""]",2025-03-26 16:49:24,2025-03-26 18:18:36
cec56969-5d4f-7107-911d-dc7990c80420,True,2024-10-03 06:51:35,,s3://saayam-mock/govt-id/cec56969-5d4f-7107-911d-dc7990c80420_2.pdf,2024-10-11 02:12:08,,"[""MON"",""WED"",""FRI""]","[""MORNING""]",2024-09-24 21:40:24,2024-10-15 06:21:14
fa42156e-972e-c23e-b1ed-f3d3668f5032,True,2025-01-11 06:08:48,s3://saayam-mock/govt-id/fa42156e-972e-c23e-b1ed-f3d3668f5032_1.pdf,s3://saayam-mock/govt-id/fa42156e-972e-c23e-b1ed-f3d3668f5032_2.pdf,2024-12-29 01:17:07,,"[""MON"",""WED"",""FRI""]","[""FULL_DAY""]",2024-12-25 20:00:29,2025-01-16 23:22:31
d24289ea-3959-7465-05c5-581054b728fa,True,2024-06-18 00:53:22,s3://saayam-mock/govt-id/d24289ea-3959-7465-05c5-581054b728fa_1.pdf,,2024-06-19 20:18:41,,"[""SUN""]","[""AFTERNOON""]",2024-06-16 11:10:53,2024-06-29 21:25:49
dda8b391-9494-065d-ca91-28fbc0948932,True,2025-08-31 23:29:23,s3://saayam-mock/govt-id/dda8b391-9494-065d-ca91-28fbc0948932_1.pdf,s3://saayam-mock/govt-id/dda8b391-9494-065d-ca91-28fbc0948932_2.pdf,2025-09-02 01:21:58,2025-09-05 00:34:42,"[""MON"",""WED"",""FRI"",""SAT""]","[""AFTERNOON""]",2025-08-22 05:08:38,2025-10-14 15:20:43
abcec90f-70ec-f41b-c5d5-601651b3ccf5,True,2024-05-30 22:39:28,,s3://saayam-mock/govt-id/abcec90f-70ec-f41b-c5d5-601651b3ccf5_2.pdf,2024-05-28 07:56:42,,"[""SAT""]","[""EVENING""]",2024-05-09 20:51:31,2024-06-08 05:01:06
cd6bb03b-eb35-37a0-2d6e-0291b7893986,True,2025-09-25 13:37:34,,s3://saayam-mock/govt-id/cd6bb03b-eb35-37a0-2d6e-0291b7893986_2.pdf,2025-09-22 20:22:28,,"[""MON"",""WED"",""FRI""]","[""AFTERNOON"",""EVENING""]",2025-09-08 15:31:21,2025-10-14 14:14:43
bbcaa210-2fe6-1a89-d059-b5947c08a960,True,2025-07-19 15:07:32,,s3://saayam-mock/govt-id/bbcaa210-2fe6-1a89-d059-b5947c08a960_2.pdf,2025-07-10 20:45:16,,"[""SUN""]","[""MORNING"",""EVENING""]",2025-07-03 11:24:27,2025-07-23 14:29:57
419bf74e-8247-23c3-a32a-4516204054fb,True,2024-09-12 04:04:59,s3://saayam-mock/govt-id/419bf74e-8247-23c3-a32a-4516204054fb_1.pdf,s3://saayam-mock/govt-id/419bf74e-8247-23c3-a32a-4516204054fb_2.pdf,2024-09-12 15:42:12,2024-09-09 13:11:13,"[""MON"",""WED"",""FRI"",""SAT""]","[""AFTERNOON""]",2024-09-07 02:59:32,2024-09-18 20:53:38
bb96f602-2b11-5c36-75f8-e3a87d97ac0f,True,2025-05-26 14:39:00,,s3://saayam-mock/govt-id/bb96f602-2b11-5c36-75f8-e3a87d97ac0f_2.pdf,2025-06-08 03:57:34,,"[""SAT""]","[""EVENING""]",2025-05-18 12:19:49,2025-06-17 23:47:35
3f46a43a-53e2-e047-2608-7b53ca226cfe,True,2024-04-10 20:50:17,,,2024-05-08 18:48:29,2024-05-10 08:25:04,"[""SAT""]","[""MORNING"",""EVENING""]",2024-04-10 04:23:32,2024-05-21 18:48:42
3a3e46b0-96f8-4ff7-c1a7-2883f8802878,True,2025-05-10 23:45:01,,s3://saayam-mock/govt-id/3a3e46b0-96f8-4ff7-c1a7-2883f8802878_2.pdf,2025-05-19 18:40:23,2025-05-21 04:36:12,"[""TUE"",""THU""]","[""FULL_DAY""]",2025-05-09 04:47:09,2025-05-25 00:25:30
2d71a040-0554-e88b-5584-92ba6d8c5504,True,2025-02-25 10:59:51,s3://saayam-mock/govt-id/2d71a040-0554-e88b-5584-92ba6d8c5504_1.pdf,s3://saayam-mock/govt-id/2d71a040-0554-e88b-5584-92ba6d8c5504_2.pdf,2025-02-27 14:07:19,2025-02-06 21:26:54,"[""MON"",""WED"",""FRI"",""SAT""]","[""AFTERNOON""]",2025-01-15 19:11:09,2025-03-15 00:09:52
6cc721f0-82ba-0fed-1b8d-c821836f224b,True,2024-10-11 10:29:41,,s3://saayam-mock/govt-id/6cc721f0-82ba-0fed-1b8d-c821836f224b_2.pdf,2024-10-20 19:56:41,2024-10-13 03:56:54,"[""SAT"",""SUN""]","[""MORNING""]",2024-09-26 10:58:38,2024-10-30 04:31:40
7df59abf-6b79-0d01-3cf8-8d20fbad793f,True,2024-08-31 16:00:20,s3://saayam-mock/govt-id/7df59abf-6b79-0d01-3cf8-8d20fbad793f_1.pdf,,2024-09-03 01:25:04,2024-09-12 23:13:32,"[""TUE"",""THU""]","[""AFTERNOON""]",2024-08-30 13:05:36,2024-09-15 01:24:59
c7e2a618-8029-93b1-daea-544a291a4905,True,2025-09-02 23:51:10,s3://saayam-mock/govt-id/c7e2a618-8029-93b1-daea-544a291a4905_1.pdf,s3://saayam-mock/govt-id/c7e2a618-8029-93b1-daea-544a291a4905_2.pdf,2025-09-05 05:46:04,2025-09-15 23:17:38,"[""TUE"",""THU""]","[""AFTERNOON""]",2025-08-30 21:22:36,2025-09-28 09:51:47
017f319f-0496-1795-88cc-ddbc6f0d7229,True,2025-04-30 14:15:43,,s3://saayam-mock/govt-id/017f319f-0496-1795-88cc-ddbc6f0d7229_2.pdf,2025-04-29 01:20:54,2025-04-25 11:25:49,"[""SUN""]","[""AFTERNOON""]",2025-04-20 00:20:40,2025-05-02 20:39:55
6fff95cc-ae26-f348-b044-db1ba8dbe9a1,True,2024-05-05 21:35:36,s3://saayam-mock/govt-id/6fff95cc-ae26-f348-b044-db1ba8dbe9a1_1.pdf,s3://saayam-mock/govt-id/6fff95cc-ae26-f348-b044-db1ba8dbe9a1_2.pdf,2024-05-24 22:32:25,,"[""MON"",""TUE"",""WED"",""THU"",""FRI""]","[""AFTERNOON"",""EVENING""]",2024-05-05 03:11:08,2024-06-17 23:17:28
56ea57b3-beed-10b6-4f6e-274bdedab027,True,2024-05-06 18:56:55,s3://saayam-mock/govt-id/56ea57b3-beed-10b6-4f6e-274bdedab027_1.pdf,,2024-05-22 09:52:30,2024-05-05 12:42:41,"[""SAT""]","[""MORNING""]",2024-05-01 14:30:02,2024-05-22 17:28:30
eefb2a24-7169-3ed5-9994-13ccff9957a8,True,2025-03-03 14:03:59,s3://saayam-mock/govt-id/eefb2a24-7169-3ed5-9994-13ccff9957a8_1.pdf,,2025-03-15 14:51:50,2025-03-14 13:22:21,"[""TUE"",""THU""]","[""MORNING"",""EVENING""]",2025-03-01 05:00:23,2025-03-16 00:09:33
63d3ce8e-bcbb-859a-9596-6725d513da02,True,2024-04-29 02:24:19,s3://saayam-mock/govt-id/63d3ce8e-bcbb-859a-9596-6725d513da02_1.pdf,,2024-05-31 08:12:27,,"[""MON"",""TUE"",""WED"",""THU"",""FRI""]","[""FULL_DAY""]",2024-04-26 11:42:44,2024-06-15 02:50:33
bfbf397b-ac3e-7b0d-5e5b-a13d746cdb77,True,2024-05-04 16:29:42,s3://saayam-mock/govt-id/bfbf397b-ac3e-7b0d-5e5b-a13d746cdb77_1.pdf,s3://saayam-mock/govt-id/bfbf397b-ac3e-7b0d-5e5b-a13d746cdb77_2.pdf,2024-05-18 20:54:54,2024-06-11 16:04:22,"[""MON"",""WED"",""FRI""]","[""AFTERNOON""]",2024-04-30 18:09:08,2024-06-17 14:02:54
d4066625-9faa-2180-01a0-69a24b37617d,True,2025-03-25 14:25:55,,,2025-04-06 18:05:21,2025-03-15 09:58:23,"[""TUE"",""THU""]","[""MORNING""]",2025-03-13 18:06:35,2025-04-07 17:58:08
7129cec7-9b69-554d-7c54-535f6c8c3b6a,True,2025-03-24 14:40:55,s3://saayam-mock/govt-id/7129cec7-9b69-554d-7c54-535f6c8c3b6a_1.pdf,,2025-04-02 20:38:27,,"[""SAT"",""SUN""]","[""EVENING""]",2025-03-22 07:39:15,2025-04-16 22:27:40
a1b970d0-7a81-04de-b205-07bbfb16f757,True,2024-11-13 20:57:18,s3://saayam-mock/govt-id/a1b970d0-7a81-04de-b205-07bbfb16f757_1.pdf,s3://saayam-mock/govt-id/a1b970d0-7a81-04de-b205-07bbfb16f757_2.pdf,2024-12-06 13:49:15,,"[""SAT""]","[""MORNING""]",2024-11-10 12:47:19,2024-12-24 00:06:59
77fc562b-9ffe-3709-0fa4-c293183f36db,True,2024-10-03 07:48:30,s3://saayam-mock/govt-id/77fc562b-9ffe-3709-0fa4-c293183f36db_1.pdf,,2024-09-06 17:36:44,2024-08-27 22:36:34,"[""SAT"",""SUN""]","[""EVENING""]",2024-08-20 23:36:15,2024-10-13 17:18:23
da341653-2bf9-98ad-c92a-eb0c656ffbd8,True,2025-03-17 18:48:01,s3://saayam-mock/govt-id/da341653-2bf9-98ad-c92a-eb0c656ffbd8_1.pdf,s3://saayam-mock/govt-id/da341653-2bf9-98ad-c92a-eb0c656ffbd8_2.pdf,2025-03-21 02:18:23,,"[""SAT"",""SUN""]","[""MORNING""]",2025-03-15 09:23:48,2025-04-03 14:32:48
078c3875-ba21-e269-2540-fbfee12ff6cd,True,2025-05-19 23:17:03,s3://saayam-mock/govt-id/078c3875-ba21-e269-2540-fbfee12ff6cd_1.pdf,,2025-05-06 02:47:21,,"[""MON"",""TUE"",""WED"",""THU"",""FRI""]","[""MORNING""]",2025-04-17 08:12:35,2025-06-02 11:09:23
9d96bf5e-4d9e-9bb9-feb2-f90442cf4e6d,True,2025-06-10 10:38:04,s3://saayam-mock/govt-id/9d96bf5e-4d9e-9bb9-feb2-f90442cf4e6d_1.pdf,,2025-05-30 15:22:07,,"[""SAT""]","[""AFTERNOON"",""EVENING""]",2025-05-07 09:25:42,2025-06-19 06:31:23
5268c879-47d1-931c-f9f2-09ab7d7771f8,True,2024-11-11 06:34:03,s3://saayam-mock/govt-id/5268c879-47d1-931c-f9f2-09ab7d7771f8_1.pdf,,2024-11-27 07:34:25,2024-11-16 10:22:38,"[""MON"",""WED"",""FRI""]","[""MORNING"",""EVENING""]",2024-11-10 03:36:49,2024-12-10 08:38:51
fe2110d0-4bbe-4aff-9326-dffd5be4bf51,True,2024-01-11 10:07:18,s3://saayam-mock/govt-id/fe2110d0-4bbe-4aff-9326-dffd5be4bf51_1.pdf,s3://saayam-mock/govt-id/fe2110d0-4bbe-4aff-9326-dffd5be4bf51_2.pdf,2024-01-23 16:37:30,,"[""SAT""]","[""EVENING""]",2024-01-10 18:03:10,2024-01-26 02:38:33
5d411ac5-335d-ab46-85b3-75aa0f546781,True,2025-04-24 06:57:28,s3://saayam-mock/govt-id/5d411ac5-335d-ab46-85b3-75aa0f546781_1.pdf,s3://saayam-mock/govt-id/5d411ac5-335d-ab46-85b3-75aa0f546781_2.pdf,2025-04-07 20:24:08,,"[""SAT"",""SUN""]","[""AFTERNOON"",""EVENING""]",2025-03-24 02:17:44,2025-04-30 04:57:00
4612d424-7ac0-67a6-9297-eaacfcc2ed18,True,2025-07-06 17:52:28,s3://saayam-mock/govt-id/4612d424-7ac0-67a6-9297-eaacfcc2ed18_1.pdf,,2025-07-04 05:54:40,,"[""MON"",""WED"",""FRI"",""SAT""]","[""MORNING""]",2025-05-23 17:05:51,2025-07-14 20:44:02
3dc8719c-4239-850b-97ae-50f08a39068b,True,2025-02-06 17:20:29,s3://saayam-mock/govt-id/3dc8719c-4239-850b-97ae-50f08a39068b_1.pdf,,2025-02-07 06:51:40,,"[""MON"",""WED"",""FRI"",""SAT""]","[""MORNING"",""EVENING""]",2025-02-02 10:07:20,2025-02-11 23:22:57
e0e3c5ce-44af-ecb7-9f2e-befcf480b91e,True,2024-05-16 13:47:47,,,2024-05-18 22:23:29,,"[""MON"",""WED"",""FRI"",""SAT""]","[""MORNING""]",2024-05-14 04:26:52,2024-06-06 19:40:21
82e2b02d-8dbc-de5a-eb4a-ede646a52064,True,2025-02-11 11:23:56,s3://saayam-mock/govt-id/82e2b02d-8dbc-de5a-eb4a-ede646a52064_1.pdf,s3://saayam-mock/govt-id/82e2b02d-8dbc-de5a-eb4a-ede646a52064_2.pdf,2025-01-19 12:37:21,2025-02-06 21:38:19,"[""MON"",""TUE"",""WED"",""THU"",""FRI""]","[""MORNING"",""EVENING""]",2025-01-05 12:16:29,2025-02-18 09:16:14
5a5226e6-9d64-2932-0066-853d6de299a1,True,2025-02-25 07:30:25,s3://saayam-mock/govt-id/5a5226e6-9d64-2932-0066-853d6de299a1_1.pdf,,2025-02-12 03:14:36,,"[""SUN""]","[""EVENING""]",2025-01-10 03:00:47,2025-02-25 09:01:05
a0135044-a041-301d-1016-8d654f90f91a,True,2024-12-20 02:03:11,s3://saayam-mock/govt-id/a0135044-a041-301d-1016-8d654f90f91a_1.pdf,,2024-12-17 07:36:09,,"[""MON"",""TUE"",""WED"",""THU"",""FRI""]","[""EVENING""]",2024-12-14 13:57:12,2025-01-06 19:15:44
a5a1c825-2a95-28c3-5ae1-dbadaa2960fd,True,2025-04-19 08:21:31,s3://saayam-mock/govt-id/a5a1c825-2a95-28c3-5ae1-dbadaa2960fd_1.pdf,,2025-04-23 23:40:02,,"[""SAT"",""SUN""]","[""MORNING""]",2025-03-31 12:53:22,2025-04-24 23:17:56
705faecd-2edf-f02e-7531-8081b4effa29,True,2025-04-15 12:48:05,s3://saayam-mock/govt-id/705faecd-2edf-f02e-7531-8081b4effa29_1.pdf,,2025-03-26 11:47:09,2025-04-03 22:11:33,"[""TUE"",""THU""]","[""AFTERNOON"",""EVENING""]",2025-03-15 10:20:10,2025-04-16 07:59:08
1f9bd2b4-66c4-ce9b-e483-f4f123f3e5c5,True,2024-11-16 00:18:47,,s3://saayam-mock/govt-id/1f9bd2b4-66c4-ce9b-e483-f4f123f3e5c5_2.pdf,2024-10-23 21:31:16,,"[""TUE"",""THU""]","[""MORNING""]",2024-10-15 18:10:29,2024-11-30 13:18:11
72c1e68e-9390-6193-490c-e3154d980202,True,2025-01-09 19:11:46,s3://saayam-mock/govt-id/72c1e68e-9390-6193-490c-e3154d980202_1.pdf,s3://saayam-mock/govt-id/72c1e68e-9390-6193-490c-e3154d980202_2.pdf,2025-01-09 04:56:42,2025-01-31 14:21:07,"[""MON"",""TUE"",""WED"",""THU"",""FRI""]","[""MORNING""]",2025-01-05 05:27:34,2025-02-22 02:37:11
f4a29332-421b-ecca-0f60-00f3fef72410,True,2025-07-02 05:22:20,s3://saayam-mock/govt-id/f4a29332-421b-ecca-0f60-00f3fef72410_1.pdf,,2025-06-23 08:15:58,2025-07-05 13:18:51,"[""MON"",""TUE"",""WED"",""THU"",""FRI""]","[""AFTERNOON"",""EVENING""]",2025-06-03 21:40:30,2025-07-08 01:09:14
40bc2b56-6d47-72f8-d46a-77af2a736a67,True,2025-01-11 18:22:47,,,2024-12-30 08:01:31,,"[""SAT""]","[""MORNING""]",2024-12-02 08:17:41,2025-01-18 00:58:57
ed944378-d814-abe0-821b-390c946f9f07,True,2024-07-13 03:11:47,,,2024-07-15 04:21:26,,"[""TUE"",""THU""]","[""AFTERNOON"",""EVENING""]",2024-07-11 19:02:47,2024-07-19 22:33:54
29344e15-2477-f047-8336-a758d9f93502,True,2024-05-22 08:28:08,s3://saayam-mock/govt-id/29344e15-2477-f047-8336-a758d9f93502_1.pdf,,2024-05-05 02:02:58,,"[""MON"",""WED"",""FRI"",""SAT""]","[""FULL_DAY""]",2024-05-01 08:22:25,2024-06-12 12:19:25
4d2551eb-af95-be79-c971-bf514a32bb22,True,2025-02-20 23:21:35,,s3://saayam-mock/govt-id/4d2551eb-af95-be79-c971-bf514a32bb22_2.pdf,2025-02-21 20:55:36,2025-02-25 10:13:16,"[""MON"",""WED"",""FRI"",""SAT""]","[""AFTERNOON""]",2025-02-19 19:56:45,2025-02-26 09:09:38
05804493-b664-6199-ed25-459e8f8937fa,True,2025-06-10 21:30:45,s3://saayam-mock/govt-id/05804493-b664-6199-ed25-459e8f8937fa_1.pdf,,2025-06-12 15:46:34,,"[""SAT""]","[""FULL_DAY""]",2025-05-30 01:13:48,2025-06-18 20:40:01
85915047-e6a5-17d0-63c8-1fb94be730a1,True,2024-11-30 07:54:39,s3://saayam-mock/govt-id/85915047-e6a5-17d0-63c8-1fb94be730a1_1.pdf,s3://saayam-mock/govt-id/85915047-e6a5-17d0-63c8-1fb94be730a1_2.pdf,2024-12-26 02:34:55,,"[""MON"",""TUE"",""WED"",""THU"",""FRI""]","[""MORNING""]",2024-11-22 05:42:12,2024-12-29 07:07:45
11c7beb2-042a-6bd7-a510-04b8565f2ea8,True,2024-12-15 15:34:09,,,2025-01-11 06:15:52,,"[""MON"",""WED"",""FRI""]","[""AFTERNOON""]",2024-12-04 11:47:17,2025-01-24 09:31:27
e9707c9e-266a-8b90-ee28-b2f44a76a0ea,True,2025-06-12 18:10:23,s3://saayam-mock/govt-id/e9707c9e-266a-8b90-ee28-b2f44a76a0ea_1.pdf,,2025-06-13 04:24:01,2025-06-26 01:13:17,"[""SUN""]","[""AFTERNOON""]",2025-06-10 23:29:42,2025-07-14 09:47:19
beb5ba0f-1e29-64f1-709a-dc958bbec119,True,2025-01-16 17:56:15,s3://saayam-mock/govt-id/beb5ba0f-1e29-64f1-709a-dc958bbec119_1.pdf,,2025-01-09 23:37:58,,"[""SAT"",""SUN""]","[""FULL_DAY""]",2025-01-04 12:36:53,2025-01-28 05:26:14
6f766a77-4d4b-cdb2-3613-52a00b53d4e6,True,2024-07-20 13:45:33,s3://saayam-mock/govt-id/6f766a77-4d4b-cdb2-3613-52a00b53d4e6_1.pdf,s3://saayam-mock/govt-id/6f766a77-4d4b-cdb2-3613-52a00b53d4e6_2.pdf,2024-07-14 16:29:39,,"[""TUE"",""THU""]","[""MORNING""]",2024-06-23 12:55:12,2024-08-15 16:04:42
de2e7abc-1f1d-fed9-0a33-3eef481e67f3,True,2025-02-12 17:28:35,s3://saayam-mock/govt-id/de2e7abc-1f1d-fed9-0a33-3eef481e67f3_1.pdf,,2025-02-24 03:14:53,,"[""MON"",""WED"",""FRI"",""SAT""]","[""EVENING""]",2025-01-28 01:32:14,2025-03-08 00:19:25
238d6f44-cac4-d0eb-3373-730efc31a597,True,2025-09-12 03:00:02,,s3://saayam-mock/govt-id/238d6f44-cac4-d0eb-3373-730efc31a597_2.pdf,2025-09-12 16:13:06,,"[""SAT"",""SUN""]","[""AFTERNOON"",""EVENING""]",2025-08-25 10:27:02,2025-10-21 14:19:47
4db6f475-27dd-1ac4-4282-b6e46986305a,True,2024-11-12 10:14:51,s3://saayam-mock/govt-id/4db6f475-27dd-1ac4-4282-b6e46986305a_1.pdf,s3://saayam-mock/govt-id/4db6f475-27dd-1ac4-4282-b6e46986305a_2.pdf,2024-11-13 05:39:38,,"[""SAT""]","[""AFTERNOON""]",2024-11-09 08:56:16,2024-11-15 15:43:05
65706108-fc78-090e-2223-ab94f157f169,True,2024-09-26 23:54:41,s3://saayam-mock/govt-id/65706108-fc78-090e-2223-ab94f157f169_1.pdf,,2024-08-30 01:15:52,2024-09-28 09:31:26,"[""MON"",""WED"",""FRI"",""SAT""]","[""AFTERNOON"",""EVENING""]",2024-08-27 19:30:21,2024-09-30 17:17:42
b1f02ea8-242f-5829-fe07-832abadc4599,True,2024-07-25 20:32:36,s3://saayam-mock/govt-id/b1f02ea8-242f-5829-fe07-832abadc4599_1.pdf,,2024-07-25 17:05:26,,"[""SAT"",""SUN""]","[""EVENING""]",2024-07-11 00:26:52,2024-07-28 23:29:27
473fb005-266c-3392-396c-613534d88c51,True,2025-05-16 06:39:12,s3://saayam-mock/govt-id/473fb005-266c-3392-396c-613534d88c51_1.pdf,,2025-05-16 17:50:04,,"[""MON"",""TUE"",""WED"",""THU"",""FRI""]","[""FULL_DAY""]",2025-05-06 06:25:05,2025-06-07 08:30:01
e6847984-6b0d-d81d-37be-a260c053f253,True,2024-11-30 14:05:47,s3://saayam-mock/govt-id/e6847984-6b0d-d81d-37be-a260c053f253_1.pdf,,2024-12-03 15:07:48,,"[""TUE"",""THU""]","[""MORNING""]",2024-11-26 05:05:16,2024-12-11 03:23:16
bd1116ee-f58a-b7c7-cccf-4130255603d4,True,2025-06-21 05:49:24,s3://saayam-mock/govt-id/bd1116ee-f58a-b7c7-cccf-4130255603d4_1.pdf,s3://saayam-mock/govt-id/bd1116ee-f58a-b7c7-cccf-4130255603d4_2.pdf,2025-07-25 06:27:48,2025-07-09 03:16:47,"[""MON"",""WED"",""FRI""]","[""MORNING""]",2025-06-15 06:54:44,2025-08-08 06:09:35
bffbbc83-d8c8-0184-0994-3e761d4e2772,True,2024-12-18 21:10:48,,s3://saayam-mock/govt-id/bffbbc83-d8c8-0184-0994-3e761d4e2772_2.pdf,2024-12-30 03:37:27,,"[""SUN""]","[""MORNING""]",2024-12-11 16:26:18,2024-12-31 01:43:28
5c11ab6d-42f5-b3f5-4ef4-c34d5bf86f3c,True,2024-12-29 10:33:13,s3://saayam-mock/govt-id/5c11ab6d-42f5-b3f5-4ef4-c34d5bf86f3c_1.pdf,,2025-01-11 05:07:44,2025-01-08 12:11:51,"[""SUN""]","[""FULL_DAY""]",2024-11-29 13:40:35,2025-01-20 00:41:19
c8d0f9e5-9919-65ea-98d0-0c2c17d30f32,True,2025-03-04 22:24:02,s3://saayam-mock/govt-id/c8d0f9e5-9919-65ea-98d0-0c2c17d30f32_1.pdf,s3://saayam-mock/govt-id/c8d0f9e5-9919-65ea-98d0-0c2c17d30f32_2.pdf,2025-03-09 13:05:38,2025-03-04 01:00:12,"[""SAT""]","[""AFTERNOON"",""EVENING""]",2025-02-18 01:29:01,2025-03-11 14:46:01
ff39a117-f83b-1806-ee4c-1b1856a2d49d,True,2025-07-30 23:25:18,,,2025-07-26 16:25:19,,"[""SAT""]","[""MORNING""]",2025-07-23 10:13:28,2025-08-05 00:15:48
13e675fd-1c99-d366-c8b6-2c18c355853e,True,2024-05-11 09:50:30,s3://saayam-mock/govt-id/13e675fd-1c99-d366-c8b6-2c18c355853e_1.pdf,s3://saayam-mock/govt-id/13e675fd-1c99-d366-c8b6-2c18c355853e_2.pdf,2024-05-07 02:32:31,2024-05-06 20:12:57,"[""TUE"",""THU""]","[""AFTERNOON""]",2024-05-06 16:15:37,2024-05-11 14:13:29
3de28859-51b1-943c-1b2e-dedb8fc85fc0,True,2024-06-30 19:34:13,s3://saayam-mock/govt-id/3de28859-51b1-943c-1b2e-dedb8fc85fc0_1.pdf,,2024-07-16 18:45:34,,"[""SAT""]","[""AFTERNOON""]",2024-06-12 06:14:20,2024-07-22 11:29:50
df41e335-b9ae-d8e4-e615-99c8cbf81f86,True,2025-09-04 16:53:50,,,2025-08-27 23:16:49,,"[""MON"",""WED"",""FRI"",""SAT""]","[""AFTERNOON""]",2025-08-21 21:37:00,2025-09-05 15:01:05
3cfc7050-ecb6-97a2-fe1b-e3e9bee1dc65,True,2024-10-17 19:19:17,s3://saayam-mock/govt-id/3cfc7050-ecb6-97a2-fe1b-e3e9bee1dc65_1.pdf,,2024-10-09 03:05:21,2024-10-16 14:04:35,"[""MON"",""TUE"",""WED"",""THU"",""FRI""]","[""MORNING"",""EVENING""]",2024-10-02 23:20:14,2024-11-11 07:11:04
a2c3b917-d8a5-aa52-157b-0495722be4aa,True,2024-07-04 16:04:11,s3://saayam-mock/govt-id/a2c3b917-d8a5-aa52-157b-0495722be4aa_1.pdf,s3://saayam-mock/govt-id/a2c3b917-d8a5-aa52-157b-0495722be4aa_2.pdf,2024-07-13 18:18:44,2024-07-09 22:45:49,"[""SAT"",""SUN""]","[""MORNING"",""EVENING""]",2024-06-27 09:21:39,2024-07-14 22:33:51
6fb9de37-7796-048f-b4b9-fb7329debccc,True,2025-08-21 12:41:02,s3://saayam-mock/govt-id/6fb9de37-7796-048f-b4b9-fb7329debccc_1.pdf,s3://saayam-mock/govt-id/6fb9de37-7796-048f-b4b9-fb7329debccc_2.pdf,2025-08-10 23:43:18,2025-08-30 06:41:50,"[""TUE"",""THU""]","[""AFTERNOON""]",2025-08-09 04:17:04,2025-09-02 18:14:43
a3cb9e18-24a1-67fd-34c6-ea9b207c0594,True,2024-03-30 18:04:44,s3://saayam-mock/govt-id/a3cb9e18-24a1-67fd-34c6-ea9b207c0594_1.pdf,s3://saayam-mock/govt-id/a3cb9e18-24a1-67fd-34c6-ea9b207c0594_2.pdf,2024-02-28 10:07:44,,"[""SAT""]","[""EVENING""]",2024-02-26 09:36:24,2024-04-26 14:11:45
f8e8035b-0c00-988a-7ee1-011a8e4c3ab5,True,2025-04-05 12:39:57,,,2025-04-28 09:33:46,,"[""MON"",""WED"",""FRI"",""SAT""]","[""MORNING""]",2025-02-28 07:00:21,2025-04-28 23:52:00
8639bd41-8b15-bd94-a42d-0cd7fd359f6a,True,2024-08-20 19:08:18,s3://saayam-mock/govt-id/8639bd41-8b15-bd94-a42d-0cd7fd359f6a_1.pdf,s3://saayam-mock/govt-id/8639bd41-8b15-bd94-a42d-0cd7fd359f6a_2.pdf,2024-08-25 00:13:15,,"[""MON"",""TUE"",""WED"",""THU"",""FRI""]","[""EVENING""]",2024-07-24 06:49:01,2024-09-20 02:44:28
98cbaa52-47f5-3019-8843-8de259cf0b0d,True,2025-08-11 12:57:01,s3://saayam-mock/govt-id/98cbaa52-47f5-3019-8843-8de259cf0b0d_1.pdf,,2025-08-14 18:05:29,,"[""SAT"",""SUN""]","[""EVENING""]",2025-08-11 02:23:39,2025-10-01 19:56:51
05f30bc5-9642-b052-5379-f2794cb50625,True,2025-09-09 07:13:24,s3://saayam-mock/govt-id/05f30bc5-9642-b052-5379-f2794cb50625_1.pdf,,2025-09-05 06:51:47,,"[""MON"",""TUE"",""WED"",""THU"",""FRI""]","[""MORNING""]",2025-08-15 05:38:17,2025-09-25 18:20:41
