vol_assigned_id,req_id,volunteer_id,volunteer_type,last_update_date,last_updated_at
1,REQ-000020,SID-00-000-826-416,Secondary,2025-12-29 08:00:00,2025-12-29 14:04:00.000
2,REQ-000023,SID-00-000-000-092,Backup,2026-02-16 01:00:00,2026-02-16 04:52:00.000
3,REQ-000001,SID-00-000-099-367,Primary,2026-05-25 13:00:00,2026-05-25 19:22:00.000
4,REQ-000009,SID-00-000-000-107,Secondary,2026-07-22 19:00:00,2026-07-22 19:24:00.000
5,REQ-000008,SID-00-000-000-081,Primary,2026-05-10 17:00:00,2026-05-10 18:04:00.000
6,REQ-000012,SID-00-000-000-090,Secondary,2026-03-10 08:00:00,2026-03-10 13:38:00.000
7,REQ-000002,SID-00-000-760-566,Backup,2026-03-30 20:00:00,2026-03-30 20:46:00.000
8,REQ-000018,SID-00-000-000-061,Backup,2026-02-02 10:00:00,2026-02-02 12:06:00.000
9,REQ-000025,SID-00-000-797-944,Secondary,2026-07-24 10:00:00,2026-07-24 15:30:00.000
10,REQ-000008,SID-00-000-849-283,Primary,2026-04-25 20:00:00,2026-04-25 20:40:00.000
11,REQ-000025,SID-00-000-000-357,Secondary,2026-07-02 23:00:00,2026-07-03 05:35:00.000
12,REQ-000013,SID-00-000-000-096,Primary,2026-03-05 16:00:00,2026-03-05 18:00:00.000
13,REQ-000013,SID-00-000-000-078,Backup,2026-06-08 19:00:00,2026-06-08 20:41:00.000
14,REQ-000011,SID-00-000-000-312,Secondary,2026-02-13 03:00:00,2026-02-13 04:37:00.000
15,REQ-000008,SID-00-000-000-092,Secondary,2025-12-17 13:00:00,2025-12-17 14:28:00.000
16,REQ-000007,SID-00-000-000-307,Backup,2026-03-18 21:00:00,2026-03-19 03:18:00.000
17,REQ-000014,SID-00-000-959-699,Secondary,2026-02-01 12:00:00,2026-02-01 12:39:00.000
18,REQ-000005,SID-00-000-000-333,Secondary,2026-01-27 17:00:00,2026-01-27 23:58:00.000
19,REQ-000020,SID-00-000-255-895,Backup,2026-03-13 17:00:00,2026-03-13 18:37:00.000
20,REQ-000016,SID-00-000-000-087,Primary,2026-01-13 17:00:00,2026-01-13 18:31:00.000
21,REQ-000018,SID-00-000-760-566,Secondary,2026-06-12 19:00:00,2026-06-12 21:23:00.000
22,REQ-000011,SID-00-000-000-107,Primary,2026-01-21 21:00:00,2026-01-22 05:06:00.000
23,REQ-000008,SID-00-000-000-097,Backup,2026-07-09 01:00:00,2026-07-09 06:23:00.000
24,REQ-000025,SID-00-000-947-952,Backup,2026-02-16 16:00:00,2026-02-16 17:37:00.000
25,REQ-000009,SID-00-000-000-097,Backup,2025-12-20 03:00:00,2025-12-20 05:51:00.000
26,REQ-000006,SID-00-000-408-687,Primary,2025-11-09 01:00:00,2025-11-09 03:57:00.000
27,REQ-000002,SID-00-000-000-312,Primary,2025-11-20 12:00:00,2025-11-20 15:40:00.000
28,REQ-000025,SID-00-000-000-348,Secondary,2026-01-11 07:00:00,2026-01-11 10:56:00.000
29,REQ-000005,SID-00-000-000-340,Primary,2026-01-27 03:00:00,2026-01-27 10:14:00.000
30,REQ-000020,SID-00-000-682-105,Secondary,2026-07-23 17:00:00,2026-07-23 19:14:00.000
31,REQ-000018,SID-00-000-828-890,Primary,2025-12-05 05:00:00,2025-12-05 07:44:00.000
32,REQ-000011,SID-00-000-433-713,Backup,2026-07-09 12:00:00,2026-07-09 17:57:00.000
33,REQ-000019,SID-00-000-591-196,Secondary,2026-08-01 23:00:00,2026-08-02 03:26:00.000
34,REQ-000018,SID-00-000-000-106,Secondary,2026-08-03 03:00:00,2026-08-03 11:16:00.000
35,REQ-000024,SID-00-000-000-092,Primary,2026-06-14 13:00:00,2026-06-14 17:24:00.000
36,REQ-000013,SID-00-000-000-061,Secondary,2026-08-17 06:00:00,2026-08-17 06:26:00.000
37,REQ-000018,SID-00-000-000-078,Backup,2026-05-01 08:00:00,2026-05-01 13:23:00.000
38,REQ-000002,SID-00-000-000-060,Primary,2026-04-12 15:00:00,2026-04-12 16:39:00.000
39,REQ-000025,SID-00-000-000-095,Secondary,2026-02-05 15:00:00,2026-02-05 16:46:00.000
40,REQ-000004,SID-00-000-000-308,Secondary,2025-12-16 17:00:00,2025-12-16 22:57:00.000
41,REQ-000002,SID-00-000-000-090,Primary,2026-02-08 15:00:00,2026-02-08 16:04:00.000
42,REQ-000013,SID-00-000-000-311,Backup,2026-03-17 10:00:00,2026-03-17 13:03:00.000
43,REQ-000024,SID-00-000-948-771,Backup,2025-12-31 11:00:00,2025-12-31 12:06:00.000
44,REQ-000008,SID-00-000-000-101,Primary,2025-12-19 19:00:00,2025-12-19 23:39:00.000
45,REQ-000012,SID-00-000-000-091,Primary,2025-12-14 17:00:00,2025-12-14 18:07:00.000
46,REQ-000021,SID-00-000-873-543,Primary,2026-03-07 22:00:00,2026-03-08 00:53:00.000
47,REQ-000019,SID-00-000-032-824,Secondary,2026-03-28 12:00:00,2026-03-28 19:58:00.000
48,REQ-000003,SID-00-000-000-311,Primary,2026-07-02 01:00:00,2026-07-02 01:31:00.000
49,REQ-000017,SID-00-000-440-130,Secondary,2026-08-09 13:00:00,2026-08-09 16:37:00.000
50,REQ-000013,SID-00-000-000-100,Primary,2026-06-14 18:00:00,2026-06-14 23:36:00.000
51,REQ-000003,SID-00-000-000-340,Secondary,2025-12-24 12:00:00,2025-12-24 17:18:00.000
52,REQ-000006,SID-00-000-574-009,Primary,2026-03-17 19:00:00,2026-03-18 02:53:00.000
53,REQ-000005,SID-00-000-000-333,Secondary,2026-06-28 22:00:00,2026-06-29 00:48:00.000
54,REQ-000009,SID-00-000-000-091,Secondary,2026-07-30 00:00:00,2026-07-30 01:10:00.000
55,REQ-000009,SID-00-000-000-099,Secondary,2026-06-02 12:00:00,2026-06-02 16:05:00.000
56,REQ-000013,SID-00-000-000-308,Secondary,2025-12-02 03:00:00,2025-12-02 10:52:00.000
57,REQ-000013,SID-00-000-000-340,Primary,2026-06-20 13:00:00,2026-06-20 18:07:00.000
58,REQ-000003,SID-00-000-000-091,Secondary,2026-04-21 18:00:00,2026-04-22 02:20:00.000
59,REQ-000023,SID-00-000-000-364,Secondary,2026-03-06 19:00:00,2026-03-06 19:38:00.000
60,REQ-000012,SID-00-000-000-391,Primary,2026-06-06 09:00:00,2026-06-06 16:31:00.000
